id,name,inserttime,validfrom,validto,sourceid,url,basecurveid
INT,VAR_STRING,TIMESTAMP,TIMESTAMP,TIMESTAMP,INT,VAR_STRING,INT
1,Overthetop,2017-06-15 16:11:22,2017-06-15 20:11:22,NULL,2,http://www.o-review.com/glassesmodels.asp?ID=143,NULL
2,Ninja Overthetop,2017-06-15 16:11:26,2017-06-15 20:11:25,NULL,2,http://www.o-review.com/glassesmodels.asp?ID=125,NULL
3,Medusa Goggles,2017-06-15 16:11:29,2017-06-15 20:11:28,NULL,2,http://www.o-review.com/glassesmodels.asp?ID=119,NULL
4,Eyeshade,2017-06-15 16:11:32,2017-06-15 20:11:32,NULL,2,http://www.o-review.com/glassesmodels.asp?ID=63,NULL
5,Cyclops Visor,2017-06-15 16:11:35,2017-06-15 20:11:35,NULL,2,http://www.o-review.com/glassesmodels.asp?ID=48,NULL
6,Collectors Eyeshade,2017-06-15 16:11:39,2017-06-15 20:11:38,NULL,2,http://www.o-review.com/glassesmodels.asp?ID=3060,NULL
7,Tron Pit Boss & Hardshell Backpack,2017-06-15 16:11:42,2017-06-15 20:11:41,NULL,2,http://www.o-review.com/glassesmodels.asp?ID=3084,NULL
8,London Police Pack,2017-06-15 16:11:45,2017-06-15 20:11:45,NULL,2,http://www.o-review.com/glassesmodels.asp?ID=2842,NULL
9,Good Livin Pack,2017-06-15 16:11:48,2017-06-15 20:11:48,NULL,2,http://www.o-review.com/glassesmodels.asp?ID=2841,NULL
10,Fluoro Camo Pack,2017-06-15 16:11:52,2017-06-15 20:11:51,NULL,2,http://www.o-review.com/glassesmodels.asp?ID=903,NULL
11,The Wade,2017-06-15 16:11:55,2017-06-15 20:11:54,NULL,2,http://www.o-review.com/glassesmodels.asp?ID=1588,NULL
12,The Study,2017-06-15 16:11:58,2017-06-15 20:11:57,NULL,2,http://www.o-review.com/glassesmodels.asp?ID=2872,NULL
13,The Story,2017-06-15 16:12:01,2017-06-15 20:12:01,NULL,2,http://www.o-review.com/glassesmodels.asp?ID=2378,NULL
14,The Meeting,2017-06-15 16:12:04,2017-06-15 20:12:04,NULL,2,http://www.o-review.com/glassesmodels.asp?ID=2377,NULL
15,The Median,2017-06-15 16:12:08,2017-06-15 20:12:07,NULL,2,http://www.o-review.com/glassesmodels.asp?ID=2376,NULL
16,The Matter,2017-06-15 16:12:11,2017-06-15 20:12:10,NULL,2,http://www.o-review.com/glassesmodels.asp?ID=2873,NULL
17,The Intro,2017-06-15 16:12:14,2017-06-15 20:12:13,NULL,2,http://www.o-review.com/glassesmodels.asp?ID=2871,NULL
18,The Injection,2017-06-15 16:12:17,2017-06-15 20:12:17,NULL,2,http://www.o-review.com/glassesmodels.asp?ID=2870,NULL
19,The Heretic,2017-06-15 16:12:20,2017-06-15 20:12:20,NULL,2,http://www.o-review.com/glassesmodels.asp?ID=3006,NULL
20,The Duncan,2017-06-15 16:12:23,2017-06-15 20:12:23,NULL,2,http://www.o-review.com/glassesmodels.asp?ID=1587,NULL
21,The Dean,2017-06-15 16:12:27,2017-06-15 20:12:26,NULL,2,http://www.o-review.com/glassesmodels.asp?ID=1586,NULL
22,The Condition,2017-06-15 16:12:30,2017-06-15 20:12:29,NULL,2,http://www.o-review.com/glassesmodels.asp?ID=2375,NULL
23,The Cadet,2017-06-15 16:12:33,2017-06-15 20:12:33,NULL,2,http://www.o-review.com/glassesmodels.asp?ID=2869,NULL
24,The Aliator,2017-06-15 16:12:36,2017-06-15 20:12:36,NULL,2,http://www.o-review.com/glassesmodels.asp?ID=3007,NULL
25,SI New M Frame Shooting Array,2017-06-15 16:12:39,2017-06-15 20:12:39,NULL,2,http://www.o-review.com/glassesmodels.asp?ID=1943,NULL
26,SI New M Frame Ballistic Array,2017-06-15 16:12:43,2017-06-15 20:12:42,NULL,2,http://www.o-review.com/glassesmodels.asp?ID=173,NULL
27,SI Ballistic Military M Frame Array,2017-06-15 16:12:46,2017-06-15 20:12:45,NULL,2,http://www.o-review.com/glassesmodels.asp?ID=1700,NULL
28,SI Ballistic Military M Frame 2.0 Array,2017-06-15 16:12:49,2017-06-15 20:12:48,NULL,2,http://www.o-review.com/glassesmodels.asp?ID=2816,NULL
29,Radar Shooting Array,2017-06-15 16:12:52,2017-06-15 20:12:51,NULL,2,http://www.o-review.com/glassesmodels.asp?ID=2662,NULL
30,Radar Golf Array,2017-06-15 16:12:55,2017-06-15 20:12:55,NULL,2,http://www.o-review.com/glassesmodels.asp?ID=2661,NULL
31,Radar Bike Array,2017-06-15 16:12:58,2017-06-15 20:12:58,NULL,2,http://www.o-review.com/glassesmodels.asp?ID=2632,NULL
32,Pro M Frame Shooting Array,2017-06-15 16:13:02,2017-06-15 20:13:01,NULL,2,http://www.o-review.com/glassesmodels.asp?ID=156,NULL
33,Pro M Frame Golf Array,2017-06-15 16:13:05,2017-06-15 20:13:04,NULL,2,http://www.o-review.com/glassesmodels.asp?ID=150,NULL
34,M Frame Tennis Array,2017-06-15 16:13:08,2017-06-15 20:13:07,NULL,2,http://www.o-review.com/glassesmodels.asp?ID=2030,NULL
35,New M Frame Golf Array,2017-06-15 16:13:11,2017-06-15 20:13:11,NULL,2,http://www.o-review.com/glassesmodels.asp?ID=101,NULL
36,New M Frame Baseball Array,2017-06-15 16:13:14,2017-06-15 20:13:14,NULL,2,http://www.o-review.com/glassesmodels.asp?ID=100,NULL
37,M Frame Baseball Array,2017-06-15 16:13:17,2017-06-15 20:13:17,NULL,2,http://www.o-review.com/glassesmodels.asp?ID=2029,NULL
38,New M Frame Array,2017-06-15 16:13:21,2017-06-15 20:13:20,NULL,2,http://www.o-review.com/glassesmodels.asp?ID=107,NULL
39,Half Jacket Polarized Array XLJ,2017-06-15 16:13:24,2017-06-15 20:13:23,NULL,2,http://www.o-review.com/glassesmodels.asp?ID=83,NULL
40,Half Jacket Polarized Array,2017-06-15 16:13:27,2017-06-15 20:13:26,NULL,2,http://www.o-review.com/glassesmodels.asp?ID=82,NULL
41,Half Jacket Aviation Array,2017-06-15 16:13:30,2017-06-15 20:13:30,NULL,2,http://www.o-review.com/glassesmodels.asp?ID=1680,NULL
42,Half Jacket Array XLJ Golf,2017-06-15 16:13:33,2017-06-15 20:13:33,NULL,2,http://www.o-review.com/glassesmodels.asp?ID=81,NULL
43,Half Jacket Array XLJ,2017-06-15 16:13:37,2017-06-15 20:13:36,NULL,2,http://www.o-review.com/glassesmodels.asp?ID=80,NULL
44,Half Jacket Array Golf (Asian Fit),2017-06-15 16:13:40,2017-06-15 20:13:39,NULL,2,http://www.o-review.com/glassesmodels.asp?ID=1692,NULL
45,Half Jacket Array Golf,2017-06-15 16:13:43,2017-06-15 20:13:42,NULL,2,http://www.o-review.com/glassesmodels.asp?ID=1609,NULL
46,Half Jacket Array,2017-06-15 16:13:46,2017-06-15 20:13:46,NULL,2,http://www.o-review.com/glassesmodels.asp?ID=79,NULL
47,Flak Jacket XLJ Golf Array (Asian Fit),2017-06-15 16:13:49,2017-06-15 20:13:49,NULL,2,http://www.o-review.com/glassesmodels.asp?ID=3360,NULL
48,Flak Jacket XLJ Golf Array,2017-06-15 16:13:52,2017-06-15 20:13:52,NULL,2,http://www.o-review.com/glassesmodels.asp?ID=2660,NULL
49,Flak Jacket XLJ Bike Array,2017-06-15 16:13:56,2017-06-15 20:13:55,NULL,2,http://www.o-review.com/glassesmodels.asp?ID=2631,NULL
50,Flak Jacket Golf Array (Asian Fit),2017-06-15 16:13:59,2017-06-15 20:13:58,NULL,2,http://www.o-review.com/glassesmodels.asp?ID=3361,NULL
51,Flak Jacket Golf Array,2017-06-15 16:14:02,2017-06-15 20:14:01,NULL,2,http://www.o-review.com/glassesmodels.asp?ID=2659,NULL
52,Flak Jacket Bike Array,2017-06-15 16:14:05,2017-06-15 20:14:05,NULL,2,http://www.o-review.com/glassesmodels.asp?ID=2630,NULL
53,Vault Exclusives,2017-06-15 16:14:08,2017-06-15 20:14:08,NULL,2,http://www.o-review.com/glassesmodels.asp?model=Vault+Exclusives&OPD=Yes,NULL
54,UK Exclusive,2017-06-15 16:14:11,2017-06-15 20:14:11,NULL,2,http://www.o-review.com/glassesmodels.asp?model=UK+Exclusive&OPD=Yes,NULL
55,Top Level Buy-In,2017-06-15 16:14:15,2017-06-15 20:14:14,NULL,2,http://www.o-review.com/glassesmodels.asp?model=Top+Level+Buy%2DIn&OPD=Yes,NULL
56,Surf Drive n Ski,2017-06-15 16:14:18,2017-06-15 20:14:17,NULL,2,http://www.o-review.com/glassesmodels.asp?model=Surf+Drive+n+Ski&OPD=Yes,NULL
57,Supreme,2017-06-15 16:14:21,2017-06-15 20:14:21,NULL,2,http://www.o-review.com/glassesmodels.asp?model=Supreme&OPD=Yes,NULL
58,Sunglass Hut Exclusive,2017-06-15 16:14:24,2017-06-15 20:14:24,NULL,2,http://www.o-review.com/glassesmodels.asp?model=Sunglass+Hut+Exclusive&OPD=Yes,NULL
59,Stretchline,2017-06-15 16:14:27,2017-06-15 20:14:27,NULL,2,http://www.o-review.com/glassesmodels.asp?model=Stretchline&OPD=Yes,NULL
60,SportChek Exclusive,2017-06-15 16:14:31,2017-06-15 20:14:30,NULL,2,http://www.o-review.com/glassesmodels.asp?model=SportChek+Exclusive&OPD=Yes,NULL
61,Rep Exclusive,2017-06-15 16:14:34,2017-06-15 20:14:33,NULL,2,http://www.o-review.com/glassesmodels.asp?model=Rep+Exclusive&OPD=Yes,NULL
62,O-Zone,2017-06-15 16:14:37,2017-06-15 20:14:36,NULL,2,http://www.o-review.com/glassesmodels.asp?model=O%2DZone&OPD=Yes,NULL
63,Orvis Exclusive,2017-06-15 16:14:40,2017-06-15 20:14:40,NULL,2,http://www.o-review.com/glassesmodels.asp?model=Orvis+Exclusive&OPD=Yes,NULL
64,OPD,2017-06-15 16:14:43,2017-06-15 20:14:43,NULL,2,http://www.o-review.com/glassesmodels.asp?model=OPD&OPD=Yes,NULL
65,Oki-ni,2017-06-15 16:14:47,2017-06-15 20:14:46,NULL,2,http://www.o-review.com/glassesmodels.asp?model=Oki%2Dni&OPD=Yes,NULL
66,N3L,2017-06-15 16:14:50,2017-06-15 20:14:49,NULL,2,http://www.o-review.com/glassesmodels.asp?model=N3L&OPD=Yes,NULL
67,Murasaki Sports,2017-06-15 16:14:53,2017-06-15 20:14:52,NULL,2,http://www.o-review.com/glassesmodels.asp?model=Murasaki+Sports&OPD=Yes,NULL
68,Japan Exclusive,2017-06-15 16:14:56,2017-06-15 20:14:56,NULL,2,http://www.o-review.com/glassesmodels.asp?model=Japan+Exclusive&OPD=Yes,NULL
69,International Exclusive,2017-06-15 16:14:59,2017-06-15 20:14:59,NULL,2,http://www.o-review.com/glassesmodels.asp?model=International+Exclusive&OPD=Yes,NULL
70,FICE x,2017-06-15 16:15:02,2017-06-15 20:15:02,NULL,2,http://www.o-review.com/glassesmodels.asp?model=FICE+x&OPD=Yes,NULL
71,Fade,2017-06-15 16:15:06,2017-06-15 20:15:05,NULL,2,http://www.o-review.com/glassesmodels.asp?model=Fade&OPD=Yes,NULL
72,Euro Exclusive,2017-06-15 16:15:09,2017-06-15 20:15:08,NULL,2,http://www.o-review.com/glassesmodels.asp?model=Euro+Exclusive&OPD=Yes,NULL
73,Eastern Boarder,2017-06-15 16:15:12,2017-06-15 20:15:12,NULL,2,http://www.o-review.com/glassesmodels.asp?model=Eastern+Boarder&OPD=Yes,NULL
74,Daves Quality Meat,2017-06-15 16:15:15,2017-06-15 20:15:15,NULL,2,http://www.o-review.com/glassesmodels.asp?model=Daves+Quality+Meat&OPD=Yes,NULL
75,BLOCline,2017-06-15 16:15:18,2017-06-15 20:15:18,NULL,2,http://www.o-review.com/glassesmodels.asp?model=BLOCline&OPD=Yes,NULL
76,Beams,2017-06-15 16:15:22,2017-06-15 20:15:21,NULL,2,http://www.o-review.com/glassesmodels.asp?model=Beams&OPD=Yes,NULL
77,Bass Pro Shops Exclusive,2017-06-15 16:15:25,2017-06-15 20:15:24,NULL,2,http://www.o-review.com/glassesmodels.asp?model=Bass+Pro+Shops+Exclusive&OPD=Yes,NULL
78,Back Country Store Exclusive,2017-06-15 16:15:28,2017-06-15 20:15:28,NULL,2,http://www.o-review.com/glassesmodels.asp?model=Back+Country+Store+Exclusive&OPD=Yes,NULL
79,Warden (Trigger),2017-06-15 16:15:31,2017-06-15 20:15:31,NULL,2,http://www.o-review.com/glassesmodels.asp?ID=2672,NULL
80,Warden (Hammer),2017-06-15 16:15:34,2017-06-15 20:15:34,NULL,2,http://www.o-review.com/glassesmodels.asp?ID=221,NULL
81,Twitch (Stretchline),2017-06-15 16:15:38,2017-06-15 20:15:37,NULL,2,http://www.o-review.com/glassesmodels.asp?ID=1835,NULL
82,New Razor Blade,2017-06-15 16:15:41,2017-06-15 20:15:40,NULL,2,http://www.o-review.com/glassesmodels.asp?ID=166,NULL
83,Montefrio (Stretchline),2017-06-15 16:15:44,2017-06-15 20:15:43,NULL,2,http://www.o-review.com/glassesmodels.asp?ID=1693,NULL
84,Fatcat,2017-06-15 16:15:47,2017-06-15 20:15:47,NULL,2,http://www.o-review.com/glassesmodels.asp?ID=64,NULL
85,Eye Patch (Stretchline),2017-06-15 16:15:50,2017-06-15 20:15:50,NULL,2,http://www.o-review.com/glassesmodels.asp?ID=1834,NULL
86,Vacancy,2017-06-15 16:15:53,2017-06-15 20:15:53,NULL,2,http://www.o-review.com/glassesmodels.asp?ID=3048,NULL
87,Urgency,2017-06-15 16:15:57,2017-06-15 20:15:56,NULL,2,http://www.o-review.com/glassesmodels.asp?ID=3144,NULL
88,Unpredictable,2017-06-15 16:16:00,2017-06-15 20:15:59,NULL,2,http://www.o-review.com/glassesmodels.asp?ID=3184,NULL
89,Unfaithful,2017-06-15 16:16:03,2017-06-15 20:16:03,NULL,2,http://www.o-review.com/glassesmodels.asp?ID=3071,NULL
90,Underspin,2017-06-15 16:16:06,2017-06-15 20:16:06,NULL,2,http://www.o-review.com/glassesmodels.asp?ID=3168,NULL
91,Trouble (Asian Fit),2017-06-15 16:16:09,2017-06-15 20:16:09,NULL,2,http://www.o-review.com/glassesmodels.asp?ID=3050,NULL
92,Trouble,2017-06-15 16:16:13,2017-06-15 20:16:12,NULL,2,http://www.o-review.com/glassesmodels.asp?ID=3017,NULL
93,Treaty 4.0,2017-06-15 16:16:16,2017-06-15 20:16:15,NULL,2,http://www.o-review.com/glassesmodels.asp?ID=2965,NULL
94,Treaty 2.0,2017-06-15 16:16:19,2017-06-15 20:16:18,NULL,2,http://www.o-review.com/glassesmodels.asp?ID=2964,NULL
95,Testimony,2017-06-15 16:16:25,2017-06-15 20:16:25,NULL,2,http://www.o-review.com/glassesmodels.asp?ID=3186,NULL
96,Taken,2017-06-15 16:16:28,2017-06-15 20:16:28,NULL,2,http://www.o-review.com/glassesmodels.asp?ID=3047,NULL
97,Sweet Spot,2017-06-15 16:16:32,2017-06-15 20:16:31,NULL,2,http://www.o-review.com/glassesmodels.asp?ID=3169,NULL
98,Spontaneous 4.0,2017-06-15 16:16:35,2017-06-15 20:16:34,NULL,2,http://www.o-review.com/glassesmodels.asp?ID=2967,NULL
99,Spontaneous 2.0,2017-06-15 16:16:38,2017-06-15 20:16:37,NULL,2,http://www.o-review.com/glassesmodels.asp?ID=2966,NULL
100,Speechless,2017-06-15 16:16:41,2017-06-15 20:16:41,NULL,2,http://www.o-review.com/glassesmodels.asp?ID=2596,NULL
101,Script (Asian Fit),2017-06-15 16:16:44,2017-06-15 20:16:44,NULL,2,http://www.o-review.com/glassesmodels.asp?ID=2380,NULL
102,Script,2017-06-15 16:16:48,2017-06-15 20:16:47,NULL,2,http://www.o-review.com/glassesmodels.asp?ID=1833,NULL
103,Scarf,2017-06-15 16:16:51,2017-06-15 20:16:50,NULL,2,http://www.o-review.com/glassesmodels.asp?ID=3025,NULL
104,Restless,2017-06-15 16:16:54,2017-06-15 20:16:53,NULL,2,http://www.o-review.com/glassesmodels.asp?ID=2901,NULL
105,Remedy,2017-06-15 16:16:57,2017-06-15 20:16:57,NULL,2,http://www.o-review.com/glassesmodels.asp?ID=3070,NULL
106,Ravishing,2017-06-15 16:17:00,2017-06-15 20:17:00,NULL,2,http://www.o-review.com/glassesmodels.asp?ID=2749,NULL
107,Radar Edge,2017-06-15 16:17:03,2017-06-15 20:17:03,NULL,2,http://www.o-review.com/glassesmodels.asp?ID=3230,NULL
108,Premonition,2017-06-15 16:17:07,2017-06-15 20:17:06,NULL,2,http://www.o-review.com/glassesmodels.asp?ID=3287,NULL
109,Pocket,2017-06-15 16:17:10,2017-06-15 20:17:09,NULL,2,http://www.o-review.com/glassesmodels.asp?ID=146,NULL
110,Permissive,2017-06-15 16:17:13,2017-06-15 20:17:12,NULL,2,http://www.o-review.com/glassesmodels.asp?ID=3180,NULL
111,Pampered,2017-06-15 16:17:16,2017-06-15 20:17:16,NULL,2,http://www.o-review.com/glassesmodels.asp?ID=3147,NULL
112,Paceline,2017-06-15 16:17:19,2017-06-15 20:17:19,NULL,2,http://www.o-review.com/glassesmodels.asp?ID=3162,NULL
113,Overtime (Asian Fit),2017-06-15 16:17:23,2017-06-15 20:17:22,NULL,2,http://www.o-review.com/glassesmodels.asp?ID=3234,NULL
114,Overtime,2017-06-15 16:17:26,2017-06-15 20:17:25,NULL,2,http://www.o-review.com/glassesmodels.asp?ID=3170,NULL
115,Obligation,2017-06-15 16:17:29,2017-06-15 20:17:28,NULL,2,http://www.o-review.com/glassesmodels.asp?ID=3148,NULL
116,Noteworthy,2017-06-15 16:17:32,2017-06-15 20:17:32,NULL,2,http://www.o-review.com/glassesmodels.asp?ID=3183,NULL
117,Necessity (Asian Fit),2017-06-15 16:17:35,2017-06-15 20:17:35,NULL,2,http://www.o-review.com/glassesmodels.asp?ID=3078,NULL
118,Necessity,2017-06-15 16:17:38,2017-06-15 20:17:38,NULL,2,http://www.o-review.com/glassesmodels.asp?ID=3077,NULL
119,Miss Conduct Squared (Asian Fit),2017-06-15 16:17:42,2017-06-15 20:17:41,NULL,2,http://www.o-review.com/glassesmodels.asp?ID=3296,NULL
120,Miss Conduct Squared,2017-06-15 16:17:45,2017-06-15 20:17:44,NULL,2,http://www.o-review.com/glassesmodels.asp?ID=3081,NULL
121,Miss Conduct (Asian Fit),2017-06-15 16:17:48,2017-06-15 20:17:47,NULL,2,http://www.o-review.com/glassesmodels.asp?ID=3075,NULL
122,Miss Conduct,2017-06-15 16:17:51,2017-06-15 20:17:51,NULL,2,http://www.o-review.com/glassesmodels.asp?ID=3069,NULL
123,Macchiato 4.0,2017-06-15 16:17:54,2017-06-15 20:17:54,NULL,2,http://www.o-review.com/glassesmodels.asp?ID=2616,NULL
124,Macchiato 2.0,2017-06-15 16:17:58,2017-06-15 20:17:57,NULL,2,http://www.o-review.com/glassesmodels.asp?ID=2615,NULL
125,Liv,2017-06-15 16:18:01,2017-06-15 20:18:00,NULL,2,http://www.o-review.com/glassesmodels.asp?ID=2851,NULL
126,Irreverent,2017-06-15 16:18:04,2017-06-15 20:18:03,NULL,2,http://www.o-review.com/glassesmodels.asp?ID=3288,NULL
127,Impatient,2017-06-15 16:18:07,2017-06-15 20:18:06,NULL,2,http://www.o-review.com/glassesmodels.asp?ID=2902,NULL
128,Immerse,2017-06-15 16:18:10,2017-06-15 20:18:10,NULL,2,http://www.o-review.com/glassesmodels.asp?ID=3068,NULL
129,Ideal,2017-06-15 16:18:13,2017-06-15 20:18:13,NULL,2,http://www.o-review.com/glassesmodels.asp?ID=3145,NULL
130,Hinder,2017-06-15 16:18:17,2017-06-15 20:18:16,NULL,2,http://www.o-review.com/glassesmodels.asp?ID=3036,NULL
131,Heist,2017-06-15 16:18:20,2017-06-15 20:18:19,NULL,2,http://www.o-review.com/glassesmodels.asp?ID=3182,NULL
132,Hearsay,2017-06-15 16:18:23,2017-06-15 20:18:22,NULL,2,http://www.o-review.com/glassesmodels.asp?ID=3181,NULL
133,Halo,2017-06-15 16:18:26,2017-06-15 20:18:26,NULL,2,http://www.o-review.com/glassesmodels.asp?ID=89,NULL
134,Grapevine (Asian Fit),2017-06-15 16:18:29,2017-06-15 20:18:29,NULL,2,http://www.o-review.com/glassesmodels.asp?ID=2555,NULL
135,Grapevine,2017-06-15 16:18:32,2017-06-15 20:18:32,NULL,2,http://www.o-review.com/glassesmodels.asp?ID=1832,NULL
136,Fringe,2017-06-15 16:18:36,2017-06-15 20:18:35,NULL,2,http://www.o-review.com/glassesmodels.asp?ID=3076,NULL
137,Forsake,2017-06-15 16:18:39,2017-06-15 20:18:38,NULL,2,http://www.o-review.com/glassesmodels.asp?ID=3018,NULL
138,Flaunt,2017-06-15 16:18:42,2017-06-15 20:18:41,NULL,2,http://www.o-review.com/glassesmodels.asp?ID=2868,NULL
139,Exposure,2017-06-15 16:18:45,2017-06-15 20:18:45,NULL,2,http://www.o-review.com/glassesmodels.asp?ID=3164,NULL
140,Eternal,2017-06-15 16:18:48,2017-06-15 20:18:48,NULL,2,http://www.o-review.com/glassesmodels.asp?ID=2746,NULL
141,Entranced,2017-06-15 16:18:51,2017-06-15 20:18:51,NULL,2,http://www.o-review.com/glassesmodels.asp?ID=3284,NULL
142,Endure Pace,2017-06-15 16:18:55,2017-06-15 20:18:54,NULL,2,http://www.o-review.com/glassesmodels.asp?ID=2807,NULL
143,Endure Edge,2017-06-15 16:18:58,2017-06-15 20:18:57,NULL,2,http://www.o-review.com/glassesmodels.asp?ID=2808,NULL
144,Embrace (Asian Fit),2017-06-15 16:19:01,2017-06-15 20:19:00,NULL,2,http://www.o-review.com/glassesmodels.asp?ID=2972,NULL
145,Embrace,2017-06-15 16:19:04,2017-06-15 20:19:04,NULL,2,http://www.o-review.com/glassesmodels.asp?ID=2850,NULL
146,Drizzle (Asian Fit),2017-06-15 16:19:07,2017-06-15 20:19:07,NULL,2,http://www.o-review.com/glassesmodels.asp?ID=3278,NULL
147,Drizzle,2017-06-15 16:19:10,2017-06-15 20:19:10,NULL,2,http://www.o-review.com/glassesmodels.asp?ID=3146,NULL
148,Disobey (Asian Fit),2017-06-15 16:19:14,2017-06-15 20:19:13,NULL,2,http://www.o-review.com/glassesmodels.asp?ID=2599,NULL
149,Disobey,2017-06-15 16:19:17,2017-06-15 20:19:16,NULL,2,http://www.o-review.com/glassesmodels.asp?ID=2594,NULL
150,Disguise,2017-06-15 16:19:20,2017-06-15 20:19:19,NULL,2,http://www.o-review.com/glassesmodels.asp?ID=3094,NULL
151,Discreet,2017-06-15 16:19:23,2017-06-15 20:19:23,NULL,2,http://www.o-review.com/glassesmodels.asp?ID=3051,NULL
152,Disclosure,2017-06-15 16:19:26,2017-06-15 20:19:26,NULL,2,http://www.o-review.com/glassesmodels.asp?ID=3093,NULL
153,Deception,2017-06-15 16:19:29,2017-06-15 20:19:29,NULL,2,http://www.o-review.com/glassesmodels.asp?ID=3037,NULL
154,Debate,2017-06-15 16:19:33,2017-06-15 20:19:32,NULL,2,http://www.o-review.com/glassesmodels.asp?ID=3178,NULL
155,Dart,2017-06-15 16:19:36,2017-06-15 20:19:35,NULL,2,http://www.o-review.com/glassesmodels.asp?ID=1831,NULL
156,Dangerous (Asian Fit),2017-06-15 16:19:39,2017-06-15 20:19:38,NULL,2,http://www.o-review.com/glassesmodels.asp?ID=2970,NULL
157,Dangerous,2017-06-15 16:19:42,2017-06-15 20:19:42,NULL,2,http://www.o-review.com/glassesmodels.asp?ID=2849,NULL
158,Daisy Chain,2017-06-15 16:19:46,2017-06-15 20:19:45,NULL,2,http://www.o-review.com/glassesmodels.asp?ID=3171,NULL
159,Cross Court,2017-06-15 16:19:49,2017-06-15 20:19:48,NULL,2,http://www.o-review.com/glassesmodels.asp?ID=3165,NULL
160,Crimp,2017-06-15 16:19:52,2017-06-15 20:19:51,NULL,2,http://www.o-review.com/glassesmodels.asp?ID=3166,NULL
161,Cover Story,2017-06-15 16:19:55,2017-06-15 20:19:55,NULL,2,http://www.o-review.com/glassesmodels.asp?ID=3079,NULL
162,Coto 4.0,2017-06-15 16:19:58,2017-06-15 20:19:58,NULL,2,http://www.o-review.com/glassesmodels.asp?ID=2614,NULL
163,Coto 2.0,2017-06-15 16:20:01,2017-06-15 20:20:01,NULL,2,http://www.o-review.com/glassesmodels.asp?ID=2613,NULL
164,Correspondent (Asian Fit),2017-06-15 16:20:05,2017-06-15 20:20:04,NULL,2,http://www.o-review.com/glassesmodels.asp?ID=3049,NULL
165,Correspondent,2017-06-15 16:20:08,2017-06-15 20:20:07,NULL,2,http://www.o-review.com/glassesmodels.asp?ID=3016,NULL
166,Convey,2017-06-15 16:20:11,2017-06-15 20:20:10,NULL,2,http://www.o-review.com/glassesmodels.asp?ID=3177,NULL
167,Controversial,2017-06-15 16:20:14,2017-06-15 20:20:14,NULL,2,http://www.o-review.com/glassesmodels.asp?ID=3185,NULL
168,Confront,2017-06-15 16:20:17,2017-06-15 20:20:17,NULL,2,http://www.o-review.com/glassesmodels.asp?ID=3149,NULL
169,Conduct Squared,2017-06-15 16:20:21,2017-06-15 20:20:20,NULL,2,http://www.o-review.com/glassesmodels.asp?ID=3034,NULL
170,Conduct (Asian Fit),2017-06-15 16:20:24,2017-06-15 20:20:23,NULL,2,http://www.o-review.com/glassesmodels.asp?ID=2852,NULL
171,Conduct,2017-06-15 16:20:27,2017-06-15 20:20:26,NULL,2,http://www.o-review.com/glassesmodels.asp?ID=2736,NULL
172,Compulsive Squared,2017-06-15 16:20:30,2017-06-15 20:20:30,NULL,2,http://www.o-review.com/glassesmodels.asp?ID=2909,NULL
173,Compulsive,2017-06-15 16:20:33,2017-06-15 20:20:33,NULL,2,http://www.o-review.com/glassesmodels.asp?ID=2900,NULL
174,Commit SQ,2017-06-15 16:20:36,2017-06-15 20:20:36,NULL,2,http://www.o-review.com/glassesmodels.asp?ID=2908,NULL
175,Commit AV,2017-06-15 16:20:40,2017-06-15 20:20:39,NULL,2,http://www.o-review.com/glassesmodels.asp?ID=2903,NULL
176,Caveat,2017-06-15 16:20:43,2017-06-15 20:20:42,NULL,2,http://www.o-review.com/glassesmodels.asp?ID=3092,NULL
177,Breathless,2017-06-15 16:20:46,2017-06-15 20:20:45,NULL,2,http://www.o-review.com/glassesmodels.asp?ID=2745,NULL
178,Betray (Asian Fit),2017-06-15 16:20:49,2017-06-15 20:20:49,NULL,2,http://www.o-review.com/glassesmodels.asp?ID=2880,NULL
179,Betray,2017-06-15 16:20:52,2017-06-15 20:20:52,NULL,2,http://www.o-review.com/glassesmodels.asp?ID=2747,NULL
180,Belong (Asian Fit),2017-06-15 16:20:55,2017-06-15 20:20:55,NULL,2,http://www.o-review.com/glassesmodels.asp?ID=2879,NULL
181,Belong,2017-06-15 16:20:59,2017-06-15 20:20:58,NULL,2,http://www.o-review.com/glassesmodels.asp?ID=2748,NULL
182,Behave (Asian Fit),2017-06-15 16:21:02,2017-06-15 20:21:01,NULL,2,http://www.o-review.com/glassesmodels.asp?ID=2657,NULL
183,Behave,2017-06-15 16:21:05,2017-06-15 20:21:04,NULL,2,http://www.o-review.com/glassesmodels.asp?ID=2595,NULL
184,Beckon,2017-06-15 16:21:08,2017-06-15 20:21:08,NULL,2,http://www.o-review.com/glassesmodels.asp?ID=3080,NULL
185,Ancedote,2017-06-15 16:21:11,2017-06-15 20:21:11,NULL,2,http://www.o-review.com/glassesmodels.asp?ID=3179,NULL
186,Abandon (Asian Fit),2017-06-15 16:21:14,2017-06-15 20:21:14,NULL,2,http://www.o-review.com/glassesmodels.asp?ID=2971,NULL
187,Abandon,2017-06-15 16:21:18,2017-06-15 20:21:17,NULL,2,http://www.o-review.com/glassesmodels.asp?ID=2867,NULL
188,Tumbler 4.0,2017-06-15 16:21:27,2017-06-15 20:21:26,NULL,2,http://www.o-review.com/glassesmodels.asp?ID=2892,NULL
189,Tumbler 2.0,2017-06-15 16:21:30,2017-06-15 20:21:30,NULL,2,http://www.o-review.com/glassesmodels.asp?ID=2891,NULL
190,Tipster (Asian Fit),2017-06-15 16:21:39,2017-06-15 20:21:39,NULL,2,http://www.o-review.com/glassesmodels.asp?ID=3202,NULL
191,Tipster,2017-06-15 16:21:43,2017-06-15 20:21:42,NULL,2,http://www.o-review.com/glassesmodels.asp?ID=3190,NULL
192,Tangent,2017-06-15 16:21:46,2017-06-15 20:21:45,NULL,2,http://www.o-review.com/glassesmodels.asp?ID=2804,NULL
193,Sideways (Asian Fit),2017-06-15 16:21:58,2017-06-15 20:21:57,NULL,2,http://www.o-review.com/glassesmodels.asp?ID=2973,NULL
194,Sideways,2017-06-15 16:22:01,2017-06-15 20:22:01,NULL,2,http://www.o-review.com/glassesmodels.asp?ID=2844,NULL
195,Riddle (Asian Fit),2017-06-15 16:22:13,2017-06-15 20:22:13,NULL,2,http://www.o-review.com/glassesmodels.asp?ID=1684,NULL
196,Riddle,2017-06-15 16:22:17,2017-06-15 20:22:16,NULL,2,http://www.o-review.com/glassesmodels.asp?ID=167,NULL
197,Paperclip,2017-06-15 16:22:26,2017-06-15 20:22:25,NULL,2,http://www.o-review.com/glassesmodels.asp?ID=3101,NULL
198,Muffler,2017-06-15 16:22:38,2017-06-15 20:22:38,NULL,2,http://www.o-review.com/glassesmodels.asp?ID=2977,NULL
199,Jupiter LX,2017-06-15 16:22:47,2017-06-15 20:22:47,NULL,2,http://www.o-review.com/glassesmodels.asp?ID=2862,NULL
200,Cloverleaf,2017-06-15 16:23:31,2017-06-15 20:23:31,NULL,2,http://www.o-review.com/glassesmodels.asp?ID=3157,NULL
201,Bucket (Asian Fit),2017-06-15 16:23:34,2017-06-15 20:23:34,NULL,2,http://www.o-review.com/glassesmodels.asp?ID=3198,NULL
202,Bucket,2017-06-15 16:23:38,2017-06-15 20:23:37,NULL,2,http://www.o-review.com/glassesmodels.asp?ID=3188,NULL
203,Zero Rx,2017-06-15 16:23:56,2017-06-15 20:23:56,NULL,2,http://www.o-review.com/glassesmodels.asp?ID=2372,NULL
204,Yardstick 8.0 (Asian Fit),2017-06-15 16:23:59,2017-06-15 20:23:59,NULL,2,http://www.o-review.com/glassesmodels.asp?ID=2792,NULL
205,Yardstick 8.0,2017-06-15 16:24:03,2017-06-15 20:24:02,NULL,2,http://www.o-review.com/glassesmodels.asp?ID=243,NULL
206,Yardstick 6.0 (Asian Fit),2017-06-15 16:24:06,2017-06-15 20:24:05,NULL,2,http://www.o-review.com/glassesmodels.asp?ID=2791,NULL
207,Yardstick 6.0,2017-06-15 16:24:09,2017-06-15 20:24:08,NULL,2,http://www.o-review.com/glassesmodels.asp?ID=242,NULL
208,Yardstick 4.0 (Asian Fit),2017-06-15 16:24:12,2017-06-15 20:24:12,NULL,2,http://www.o-review.com/glassesmodels.asp?ID=2790,NULL
209,Yardstick 4.0,2017-06-15 16:24:15,2017-06-15 20:24:15,NULL,2,http://www.o-review.com/glassesmodels.asp?ID=241,NULL
210,Yardstick 3.0,2017-06-15 16:24:18,2017-06-15 20:24:18,NULL,2,http://www.o-review.com/glassesmodels.asp?ID=2622,NULL
211,Yardstick 2.0 (Asian Fit),2017-06-15 16:24:22,2017-06-15 20:24:21,NULL,2,http://www.o-review.com/glassesmodels.asp?ID=2789,NULL
212,Yardstick 2.0,2017-06-15 16:24:25,2017-06-15 20:24:24,NULL,2,http://www.o-review.com/glassesmodels.asp?ID=240,NULL
213,Yardstick 1.0,2017-06-15 16:24:28,2017-06-15 20:24:27,NULL,2,http://www.o-review.com/glassesmodels.asp?ID=2621,NULL
214,Wiretap Rx,2017-06-15 16:24:31,2017-06-15 20:24:31,NULL,2,http://www.o-review.com/glassesmodels.asp?ID=233,NULL
215,Wingspan (Asian Fit),2017-06-15 16:24:34,2017-06-15 20:24:34,NULL,2,http://www.o-review.com/glassesmodels.asp?ID=3204,NULL
216,Wingspan,2017-06-15 16:24:38,2017-06-15 20:24:37,NULL,2,http://www.o-review.com/glassesmodels.asp?ID=3020,NULL
217,Why 4.0,2017-06-15 16:24:41,2017-06-15 20:24:40,NULL,2,http://www.o-review.com/glassesmodels.asp?ID=228,NULL
218,Why 3 Rx,2017-06-15 16:24:44,2017-06-15 20:24:44,NULL,2,http://www.o-review.com/glassesmodels.asp?ID=214,NULL
219,Why 2 Rx,2017-06-15 16:24:47,2017-06-15 20:24:47,NULL,2,http://www.o-review.com/glassesmodels.asp?ID=267,NULL
220,Why 1 Rx,2017-06-15 16:24:50,2017-06-15 20:24:50,NULL,2,http://www.o-review.com/glassesmodels.asp?ID=224,NULL
221,Whisker 6B,2017-06-15 16:24:54,2017-06-15 20:24:53,NULL,2,http://www.o-review.com/glassesmodels.asp?ID=3088,NULL
222,Voltage 4.0,2017-06-15 16:24:57,2017-06-15 20:24:56,NULL,2,http://www.o-review.com/glassesmodels.asp?ID=2824,NULL
223,Voltage 2.0,2017-06-15 16:25:00,2017-06-15 20:24:59,NULL,2,http://www.o-review.com/glassesmodels.asp?ID=2819,NULL
224,Valve (Rx),2017-06-15 16:25:03,2017-06-15 20:25:03,NULL,2,http://www.o-review.com/glassesmodels.asp?ID=3021,NULL
225,Twin Shock,2017-06-15 16:25:09,2017-06-15 20:25:09,NULL,2,http://www.o-review.com/glassesmodels.asp?ID=3041,NULL
226,Tumbleweed 0.5,2017-06-15 16:25:13,2017-06-15 20:25:12,NULL,2,http://www.o-review.com/glassesmodels.asp?ID=3326,NULL
227,Tumbleweed,2017-06-15 16:25:16,2017-06-15 20:25:15,NULL,2,http://www.o-review.com/glassesmodels.asp?ID=3291,NULL
228,Trench (Asian Fit),2017-06-15 16:25:25,2017-06-15 20:25:25,NULL,2,http://www.o-review.com/glassesmodels.asp?ID=3203,NULL
229,Transistor 2.0,2017-06-15 16:25:34,2017-06-15 20:25:34,NULL,2,http://www.o-review.com/glassesmodels.asp?ID=2893,NULL
230,Thread 4.0,2017-06-15 16:25:44,2017-06-15 20:25:43,NULL,2,http://www.o-review.com/glassesmodels.asp?ID=2449,NULL
231,Thread 2.0,2017-06-15 16:25:47,2017-06-15 20:25:46,NULL,2,http://www.o-review.com/glassesmodels.asp?ID=206,NULL
232,Tangent Rx,2017-06-15 16:25:53,2017-06-15 20:25:52,NULL,2,http://www.o-review.com/glassesmodels.asp?ID=202,NULL
233,T Wire 2.0 Rx,2017-06-15 16:25:56,2017-06-15 20:25:56,NULL,2,http://www.o-review.com/glassesmodels.asp?ID=201,NULL
234,Sweeper,2017-06-15 16:25:59,2017-06-15 20:25:59,NULL,2,http://www.o-review.com/glassesmodels.asp?ID=1933,NULL
235,Straight Line 6.0,2017-06-15 16:26:02,2017-06-15 20:26:02,NULL,2,http://www.o-review.com/glassesmodels.asp?ID=197,NULL
236,Straight Line 4.0,2017-06-15 16:26:06,2017-06-15 20:26:05,NULL,2,http://www.o-review.com/glassesmodels.asp?ID=196,NULL
237,Straight Line 2.0,2017-06-15 16:26:09,2017-06-15 20:26:08,NULL,2,http://www.o-review.com/glassesmodels.asp?ID=195,NULL
238,Square Wire Rx,2017-06-15 16:26:12,2017-06-15 20:26:11,NULL,2,http://www.o-review.com/glassesmodels.asp?ID=2010,NULL
239,Square Wire 2.0 Rx,2017-06-15 16:26:15,2017-06-15 20:26:15,NULL,2,http://www.o-review.com/glassesmodels.asp?ID=190,NULL
240,Spoke 4.0,2017-06-15 16:26:24,2017-06-15 20:26:24,NULL,2,http://www.o-review.com/glassesmodels.asp?ID=2448,NULL
241,Spoke 2.0,2017-06-15 16:26:28,2017-06-15 20:26:27,NULL,2,http://www.o-review.com/glassesmodels.asp?ID=2447,NULL
242,Spoke 0.5,2017-06-15 16:26:31,2017-06-15 20:26:30,NULL,2,http://www.o-review.com/glassesmodels.asp?ID=3323,NULL
243,Split Thread,2017-06-15 16:26:34,2017-06-15 20:26:33,NULL,2,http://www.o-review.com/glassesmodels.asp?ID=186,NULL
244,Spike - Lens 3,2017-06-15 16:26:37,2017-06-15 20:26:37,NULL,2,http://www.o-review.com/glassesmodels.asp?ID=181,NULL
245,Spike - Lens 2,2017-06-15 16:26:40,2017-06-15 20:26:40,NULL,2,http://www.o-review.com/glassesmodels.asp?ID=180,NULL
246,Spike - Lens 1,2017-06-15 16:26:43,2017-06-15 20:26:43,NULL,2,http://www.o-review.com/glassesmodels.asp?ID=179,NULL
247,Spender,2017-06-15 16:26:47,2017-06-15 20:26:46,NULL,2,http://www.o-review.com/glassesmodels.asp?ID=3023,NULL
248,Speculate,2017-06-15 16:26:50,2017-06-15 20:26:49,NULL,2,http://www.o-review.com/glassesmodels.asp?ID=3286,NULL
249,Soft Top 6.0 (Asian Fit),2017-06-15 16:26:53,2017-06-15 20:26:52,NULL,2,http://www.o-review.com/glassesmodels.asp?ID=2793,NULL
250,Soft Top 6.0,2017-06-15 16:26:56,2017-06-15 20:26:56,NULL,2,http://www.o-review.com/glassesmodels.asp?ID=1932,NULL
251,Soft Top 4.0 (Asian Fit),2017-06-15 16:26:59,2017-06-15 20:26:59,NULL,2,http://www.o-review.com/glassesmodels.asp?ID=1691,NULL
252,Soft Top 4.0,2017-06-15 16:27:03,2017-06-15 20:27:02,NULL,2,http://www.o-review.com/glassesmodels.asp?ID=178,NULL
253,Soft Top 2.0,2017-06-15 16:27:06,2017-06-15 20:27:05,NULL,2,http://www.o-review.com/glassesmodels.asp?ID=177,NULL
254,Soft Tail,2017-06-15 16:27:09,2017-06-15 20:27:08,NULL,2,http://www.o-review.com/glassesmodels.asp?ID=1931,NULL
255,Soft Spike - Lens 5,2017-06-15 16:27:12,2017-06-15 20:27:11,NULL,2,http://www.o-review.com/glassesmodels.asp?ID=176,NULL
256,Soft Spike - Lens 4,2017-06-15 16:27:15,2017-06-15 20:27:15,NULL,2,http://www.o-review.com/glassesmodels.asp?ID=175,NULL
257,Soft Spike - Lens 1,2017-06-15 16:27:18,2017-06-15 20:27:18,NULL,2,http://www.o-review.com/glassesmodels.asp?ID=174,NULL
258,Socket 4.0,2017-06-15 16:27:22,2017-06-15 20:27:21,NULL,2,http://www.o-review.com/glassesmodels.asp?ID=2620,NULL
259,Socket 2.0,2017-06-15 16:27:25,2017-06-15 20:27:24,NULL,2,http://www.o-review.com/glassesmodels.asp?ID=2619,NULL
260,Sine,2017-06-15 16:27:28,2017-06-15 20:27:27,NULL,2,http://www.o-review.com/glassesmodels.asp?ID=171,NULL
261,Shovel,2017-06-15 16:27:31,2017-06-15 20:27:31,NULL,2,http://www.o-review.com/glassesmodels.asp?ID=3086,NULL
262,Shifter 4.0,2017-06-15 16:27:34,2017-06-15 20:27:34,NULL,2,http://www.o-review.com/glassesmodels.asp?ID=2752,NULL
263,Shifter 2.0,2017-06-15 16:27:37,2017-06-15 20:27:37,NULL,2,http://www.o-review.com/glassesmodels.asp?ID=2750,NULL
264,Servo XL,2017-06-15 16:27:41,2017-06-15 20:27:40,NULL,2,http://www.o-review.com/glassesmodels.asp?ID=3173,NULL
265,Servo,2017-06-15 16:27:44,2017-06-15 20:27:43,NULL,2,http://www.o-review.com/glassesmodels.asp?ID=3161,NULL
266,Sculpt 6.0,2017-06-15 16:27:47,2017-06-15 20:27:46,NULL,2,http://www.o-review.com/glassesmodels.asp?ID=2854,NULL
267,Sculpt 4.1,2017-06-15 16:27:50,2017-06-15 20:27:49,NULL,2,http://www.o-review.com/glassesmodels.asp?ID=2859,NULL
268,Sculpt 4.0,2017-06-15 16:27:53,2017-06-15 20:27:53,NULL,2,http://www.o-review.com/glassesmodels.asp?ID=2823,NULL
269,Sculpt 2.1,2017-06-15 16:27:56,2017-06-15 20:27:56,NULL,2,http://www.o-review.com/glassesmodels.asp?ID=2858,NULL
270,Sculpt 2.0,2017-06-15 16:28:00,2017-06-15 20:27:59,NULL,2,http://www.o-review.com/glassesmodels.asp?ID=2818,NULL
271,Rough House,2017-06-15 16:28:06,2017-06-15 20:28:05,NULL,2,http://www.o-review.com/glassesmodels.asp?ID=3019,NULL
272,Rotor Small,2017-06-15 16:28:09,2017-06-15 20:28:08,NULL,2,http://www.o-review.com/glassesmodels.asp?ID=2968,NULL
273,Rotor 4.0,2017-06-15 16:28:12,2017-06-15 20:28:11,NULL,2,http://www.o-review.com/glassesmodels.asp?ID=2753,NULL
274,Rotor 2.0,2017-06-15 16:28:15,2017-06-15 20:28:14,NULL,2,http://www.o-review.com/glassesmodels.asp?ID=2751,NULL
275,Rhinochaser,2017-06-15 16:28:18,2017-06-15 20:28:18,NULL,2,http://www.o-review.com/glassesmodels.asp?ID=3290,NULL
276,Revere,2017-06-15 16:28:21,2017-06-15 20:28:21,NULL,2,http://www.o-review.com/glassesmodels.asp?ID=2979,NULL
277,Ratchet 4.0,2017-06-15 16:28:24,2017-06-15 20:28:24,NULL,2,http://www.o-review.com/glassesmodels.asp?ID=2618,NULL
278,Ratchet 2.0,2017-06-15 16:28:27,2017-06-15 20:28:27,NULL,2,http://www.o-review.com/glassesmodels.asp?ID=2617,NULL
279,Radiate 4.0,2017-06-15 16:28:30,2017-06-15 20:28:30,NULL,2,http://www.o-review.com/glassesmodels.asp?ID=2895,NULL
280,Radiate 2.0,2017-06-15 16:28:34,2017-06-15 20:28:33,NULL,2,http://www.o-review.com/glassesmodels.asp?ID=2894,NULL
281,Pro M Frame Sweep Rx,2017-06-15 16:28:37,2017-06-15 20:28:37,NULL,2,http://www.o-review.com/glassesmodels.asp?ID=161,NULL
282,Pro M Frame Strike Rx,2017-06-15 16:28:41,2017-06-15 20:28:40,NULL,2,http://www.o-review.com/glassesmodels.asp?ID=159,NULL
283,Pro M Frame New Hybrid Rx,2017-06-15 16:28:44,2017-06-15 20:28:44,NULL,2,http://www.o-review.com/glassesmodels.asp?ID=154,NULL
284,Pro M Frame Heater Rx,2017-06-15 16:28:47,2017-06-15 20:28:47,NULL,2,http://www.o-review.com/glassesmodels.asp?ID=152,NULL
285,Poetic 4.0,2017-06-15 16:28:53,2017-06-15 20:28:53,NULL,2,http://www.o-review.com/glassesmodels.asp?ID=2759,NULL
286,Poetic 2.0,2017-06-15 16:28:57,2017-06-15 20:28:56,NULL,2,http://www.o-review.com/glassesmodels.asp?ID=2758,NULL
287,Plank,2017-06-15 16:29:00,2017-06-15 20:28:59,NULL,2,http://www.o-review.com/glassesmodels.asp?ID=2978,NULL
288,Pendant 4.0,2017-06-15 16:29:06,2017-06-15 20:29:05,NULL,2,http://www.o-review.com/glassesmodels.asp?ID=2826,NULL
289,Pendant 2.0,2017-06-15 16:29:09,2017-06-15 20:29:08,NULL,2,http://www.o-review.com/glassesmodels.asp?ID=2821,NULL
290,Overlord,2017-06-15 16:29:18,2017-06-15 20:29:18,NULL,2,http://www.o-review.com/glassesmodels.asp?ID=3096,NULL
291,OO Square Rx,2017-06-15 16:29:22,2017-06-15 20:29:21,NULL,2,http://www.o-review.com/glassesmodels.asp?ID=140,NULL
292,OO Rx,2017-06-15 16:29:25,2017-06-15 20:29:24,NULL,2,http://www.o-review.com/glassesmodels.asp?ID=138,NULL
293,OO E Rx,2017-06-15 16:29:28,2017-06-15 20:29:27,NULL,2,http://www.o-review.com/glassesmodels.asp?ID=137,NULL
294,OO A Rx,2017-06-15 16:29:31,2017-06-15 20:29:30,NULL,2,http://www.o-review.com/glassesmodels.asp?ID=136,NULL
295,Off Line 6.0,2017-06-15 16:29:34,2017-06-15 20:29:34,NULL,2,http://www.o-review.com/glassesmodels.asp?ID=134,NULL
296,Off Line 4.0,2017-06-15 16:29:37,2017-06-15 20:29:37,NULL,2,http://www.o-review.com/glassesmodels.asp?ID=133,NULL
297,Off Line 2.0,2017-06-15 16:29:41,2017-06-15 20:29:40,NULL,2,http://www.o-review.com/glassesmodels.asp?ID=132,NULL
298,O7,2017-06-15 16:29:44,2017-06-15 20:29:43,NULL,2,http://www.o-review.com/glassesmodels.asp?ID=28,NULL
299,O6,2017-06-15 16:29:47,2017-06-15 20:29:46,NULL,2,http://www.o-review.com/glassesmodels.asp?ID=27,NULL
300,O5 Rx,2017-06-15 16:29:50,2017-06-15 20:29:50,NULL,2,http://www.o-review.com/glassesmodels.asp?ID=26,NULL
301,O3,2017-06-15 16:29:53,2017-06-15 20:29:53,NULL,2,http://www.o-review.com/glassesmodels.asp?ID=25,NULL
302,O2,2017-06-15 16:29:56,2017-06-15 20:29:56,NULL,2,http://www.o-review.com/glassesmodels.asp?ID=24,NULL
303,O1,2017-06-15 16:30:00,2017-06-15 20:29:59,NULL,2,http://www.o-review.com/glassesmodels.asp?ID=23,NULL
304,O Wire,2017-06-15 16:30:03,2017-06-15 20:30:02,NULL,2,http://www.o-review.com/glassesmodels.asp?ID=129,NULL
305,Mortar,2017-06-15 16:30:12,2017-06-15 20:30:11,NULL,2,http://www.o-review.com/glassesmodels.asp?ID=3022,NULL
306,Mono Shock,2017-06-15 16:30:15,2017-06-15 20:30:14,NULL,2,http://www.o-review.com/glassesmodels.asp?ID=3193,NULL
307,Metal Plate (Asian Fit),2017-06-15 16:30:18,2017-06-15 20:30:18,NULL,2,http://www.o-review.com/glassesmodels.asp?ID=3201,NULL
308,Metal Plate,2017-06-15 16:30:21,2017-06-15 20:30:21,NULL,2,http://www.o-review.com/glassesmodels.asp?ID=2976,NULL
309,Mag Four S Rx,2017-06-15 16:30:24,2017-06-15 20:30:24,NULL,2,http://www.o-review.com/glassesmodels.asp?ID=115,NULL
310,Mag Four Rx,2017-06-15 16:30:27,2017-06-15 20:30:27,NULL,2,http://www.o-review.com/glassesmodels.asp?ID=113,NULL
311,New M Frame Sweep Rx,2017-06-15 16:30:37,2017-06-15 20:30:36,NULL,2,http://www.o-review.com/glassesmodels.asp?ID=111,NULL
312,New M Frame Strike Rx,2017-06-15 16:30:40,2017-06-15 20:30:39,NULL,2,http://www.o-review.com/glassesmodels.asp?ID=109,NULL
313,M Frame Strike Rx,2017-06-15 16:30:43,2017-06-15 20:30:42,NULL,2,http://www.o-review.com/glassesmodels.asp?ID=2374,NULL
314,M Frame Slash Rx,2017-06-15 16:30:46,2017-06-15 20:30:46,NULL,2,http://www.o-review.com/glassesmodels.asp?ID=2373,NULL
315,New M Frame New Hybrid Rx,2017-06-15 16:30:49,2017-06-15 20:30:49,NULL,2,http://www.o-review.com/glassesmodels.asp?ID=105,NULL
316,New M Frame Heater Rx,2017-06-15 16:30:52,2017-06-15 20:30:52,NULL,2,http://www.o-review.com/glassesmodels.asp?ID=103,NULL
317,Kickstand 4.0,2017-06-15 16:30:56,2017-06-15 20:30:55,NULL,2,http://www.o-review.com/glassesmodels.asp?ID=2445,NULL
318,Kickstand 2.0,2017-06-15 16:30:59,2017-06-15 20:30:58,NULL,2,http://www.o-review.com/glassesmodels.asp?ID=2446,NULL
319,Junkyard,2017-06-15 16:31:02,2017-06-15 20:31:01,NULL,2,http://www.o-review.com/glassesmodels.asp?ID=3158,NULL
320,Jackknife 6.0,2017-06-15 16:31:05,2017-06-15 20:31:05,NULL,2,http://www.o-review.com/glassesmodels.asp?ID=2623,NULL
321,Jackknife 4.0,2017-06-15 16:31:08,2017-06-15 20:31:08,NULL,2,http://www.o-review.com/glassesmodels.asp?ID=263,NULL
322,Jackknife 2.0,2017-06-15 16:31:12,2017-06-15 20:31:11,NULL,2,http://www.o-review.com/glassesmodels.asp?ID=92,NULL
323,Intervene 4.0,2017-06-15 16:31:18,2017-06-15 20:31:17,NULL,2,http://www.o-review.com/glassesmodels.asp?ID=2822,NULL
324,Intervene 2.0,2017-06-15 16:31:21,2017-06-15 20:31:20,NULL,2,http://www.o-review.com/glassesmodels.asp?ID=2817,NULL
325,Intake 4.0,2017-06-15 16:31:24,2017-06-15 20:31:24,NULL,2,http://www.o-review.com/glassesmodels.asp?ID=2763,NULL
326,Intake 2.0,2017-06-15 16:31:27,2017-06-15 20:31:27,NULL,2,http://www.o-review.com/glassesmodels.asp?ID=2762,NULL
327,Hollowpoint 4.0,2017-06-15 16:31:30,2017-06-15 20:31:30,NULL,2,http://www.o-review.com/glassesmodels.asp?ID=91,NULL
328,Hollowpoint 2.0,2017-06-15 16:31:34,2017-06-15 20:31:33,NULL,2,http://www.o-review.com/glassesmodels.asp?ID=262,NULL
329,Halo Rx,2017-06-15 16:31:43,2017-06-15 20:31:42,NULL,2,http://www.o-review.com/glassesmodels.asp?ID=88,NULL
330,Halftrack (Asian Fit),2017-06-15 16:31:46,2017-06-15 20:31:45,NULL,2,http://www.o-review.com/glassesmodels.asp?ID=3200,NULL
331,Halftrack,2017-06-15 16:31:49,2017-06-15 20:31:49,NULL,2,http://www.o-review.com/glassesmodels.asp?ID=3187,NULL
332,Halfshock,2017-06-15 16:31:52,2017-06-15 20:31:52,NULL,2,http://www.o-review.com/glassesmodels.asp?ID=3163,NULL
333,Gasket,2017-06-15 16:31:56,2017-06-15 20:31:55,NULL,2,http://www.o-review.com/glassesmodels.asp?ID=1935,NULL
334,Frag,2017-06-15 16:31:59,2017-06-15 20:31:58,NULL,2,http://www.o-review.com/glassesmodels.asp?ID=3175,NULL
335,Flawless 4.0,2017-06-15 16:32:02,2017-06-15 20:32:01,NULL,2,http://www.o-review.com/glassesmodels.asp?ID=2825,NULL
336,Flawless 2.0,2017-06-15 16:32:05,2017-06-15 20:32:05,NULL,2,http://www.o-review.com/glassesmodels.asp?ID=2820,NULL
337,Fate 4.0,2017-06-15 16:32:08,2017-06-15 20:32:08,NULL,2,http://www.o-review.com/glassesmodels.asp?ID=2539,NULL
338,Fate 2.0,2017-06-15 16:32:11,2017-06-15 20:32:11,NULL,2,http://www.o-review.com/glassesmodels.asp?ID=2538,NULL
339,Fat Cat Rx (Asian Fit),2017-06-15 16:32:15,2017-06-15 20:32:14,NULL,2,http://www.o-review.com/glassesmodels.asp?ID=3199,NULL
340,Fat Cat Rx,2017-06-15 16:32:18,2017-06-15 20:32:17,NULL,2,http://www.o-review.com/glassesmodels.asp?ID=3090,NULL
341,Evade 2.0,2017-06-15 16:32:24,2017-06-15 20:32:23,NULL,2,http://www.o-review.com/glassesmodels.asp?ID=2898,NULL
342,Emblem 4.0,2017-06-15 16:32:30,2017-06-15 20:32:30,NULL,2,http://www.o-review.com/glassesmodels.asp?ID=2757,NULL
343,Emblem 2.0,2017-06-15 16:32:33,2017-06-15 20:32:33,NULL,2,http://www.o-review.com/glassesmodels.asp?ID=2756,NULL
344,Ember,2017-06-15 16:32:36,2017-06-15 20:32:36,NULL,2,http://www.o-review.com/glassesmodels.asp?ID=2975,NULL
345,Elaborate,2017-06-15 16:32:40,2017-06-15 20:32:39,NULL,2,http://www.o-review.com/glassesmodels.asp?ID=3024,NULL
346,E Wire Rx,2017-06-15 16:32:43,2017-06-15 20:32:42,NULL,2,http://www.o-review.com/glassesmodels.asp?ID=2012,NULL
347,E Wire 2.1 Rx,2017-06-15 16:32:46,2017-06-15 20:32:45,NULL,2,http://www.o-review.com/glassesmodels.asp?ID=57,NULL
348,E Wire 2.0 Rx,2017-06-15 16:32:49,2017-06-15 20:32:49,NULL,2,http://www.o-review.com/glassesmodels.asp?ID=55,NULL
349,Drill Bit 0.5,2017-06-15 16:32:52,2017-06-15 20:32:52,NULL,2,http://www.o-review.com/glassesmodels.asp?ID=3322,NULL
350,Drill Bit,2017-06-15 16:32:56,2017-06-15 20:32:55,NULL,2,http://www.o-review.com/glassesmodels.asp?ID=2974,NULL
351,Double Down 4.0,2017-06-15 16:32:59,2017-06-15 20:32:58,NULL,2,http://www.o-review.com/glassesmodels.asp?ID=2532,NULL
352,Double Down 2.0,2017-06-15 16:33:02,2017-06-15 20:33:01,NULL,2,http://www.o-review.com/glassesmodels.asp?ID=2533,NULL
353,Diligent,2017-06-15 16:33:05,2017-06-15 20:33:05,NULL,2,http://www.o-review.com/glassesmodels.asp?ID=3285,NULL
354,Dictate 4.0,2017-06-15 16:33:08,2017-06-15 20:33:08,NULL,2,http://www.o-review.com/glassesmodels.asp?ID=2765,NULL
355,Dictate 2.0,2017-06-15 16:33:11,2017-06-15 20:33:11,NULL,2,http://www.o-review.com/glassesmodels.asp?ID=2764,NULL
356,Deringer,2017-06-15 16:33:15,2017-06-15 20:33:14,NULL,2,http://www.o-review.com/glassesmodels.asp?ID=3189,NULL
357,Currency,2017-06-15 16:33:21,2017-06-15 20:33:20,NULL,2,http://www.o-review.com/glassesmodels.asp?ID=3095,NULL
358,Crosslink Pro,2017-06-15 16:33:24,2017-06-15 20:33:23,NULL,2,http://www.o-review.com/glassesmodels.asp?ID=3327,NULL
359,Crosslink,2017-06-15 16:33:27,2017-06-15 20:33:27,NULL,2,http://www.o-review.com/glassesmodels.asp?ID=3321,NULL
360,Cosine,2017-06-15 16:33:42,2017-06-15 20:33:42,NULL,2,http://www.o-review.com/glassesmodels.asp?ID=46,NULL
361,Corkscrew 4.0,2017-06-15 16:33:46,2017-06-15 20:33:45,NULL,2,http://www.o-review.com/glassesmodels.asp?ID=2537,NULL
362,Corkscrew 2.0,2017-06-15 16:33:49,2017-06-15 20:33:48,NULL,2,http://www.o-review.com/glassesmodels.asp?ID=2535,NULL
363,Concrete 2.1,2017-06-15 16:33:58,2017-06-15 20:33:57,NULL,2,http://www.o-review.com/glassesmodels.asp?ID=2860,NULL
364,Concrete 2.0,2017-06-15 16:34:01,2017-06-15 20:34:01,NULL,2,http://www.o-review.com/glassesmodels.asp?ID=2861,NULL
365,Collar,2017-06-15 16:34:04,2017-06-15 20:34:04,NULL,2,http://www.o-review.com/glassesmodels.asp?ID=3091,NULL
366,Coin,2017-06-15 16:34:07,2017-06-15 20:34:07,NULL,2,http://www.o-review.com/glassesmodels.asp?ID=3289,NULL
367,Coilover,2017-06-15 16:34:11,2017-06-15 20:34:10,NULL,2,http://www.o-review.com/glassesmodels.asp?ID=3038,NULL
368,Club Face,2017-06-15 16:34:14,2017-06-15 20:34:13,NULL,2,http://www.o-review.com/glassesmodels.asp?ID=3087,NULL
369,Chop Top 6.0,2017-06-15 16:34:20,2017-06-15 20:34:19,NULL,2,http://www.o-review.com/glassesmodels.asp?ID=45,NULL
370,Chop Top 4.0,2017-06-15 16:34:23,2017-06-15 20:34:23,NULL,2,http://www.o-review.com/glassesmodels.asp?ID=44,NULL
371,Chop Top 2.0,2017-06-15 16:34:26,2017-06-15 20:34:26,NULL,2,http://www.o-review.com/glassesmodels.asp?ID=43,NULL
372,Chisel 4.1,2017-06-15 16:34:29,2017-06-15 20:34:29,NULL,2,http://www.o-review.com/glassesmodels.asp?ID=2585,NULL
373,Chisel 4.0,2017-06-15 16:34:33,2017-06-15 20:34:32,NULL,2,http://www.o-review.com/glassesmodels.asp?ID=2442,NULL
374,Chisel 2.1,2017-06-15 16:34:36,2017-06-15 20:34:35,NULL,2,http://www.o-review.com/glassesmodels.asp?ID=2584,NULL
375,Chisel 2.0,2017-06-15 16:34:39,2017-06-15 20:34:38,NULL,2,http://www.o-review.com/glassesmodels.asp?ID=1934,NULL
376,Chieftain,2017-06-15 16:34:42,2017-06-15 20:34:42,NULL,2,http://www.o-review.com/glassesmodels.asp?ID=3167,NULL
377,Chain 6.0,2017-06-15 16:34:45,2017-06-15 20:34:45,NULL,2,http://www.o-review.com/glassesmodels.asp?ID=213,NULL
378,Chain 4.0,2017-06-15 16:34:48,2017-06-15 20:34:48,NULL,2,http://www.o-review.com/glassesmodels.asp?ID=212,NULL
379,Chain 2.0,2017-06-15 16:34:52,2017-06-15 20:34:51,NULL,2,http://www.o-review.com/glassesmodels.asp?ID=211,NULL
380,Casing,2017-06-15 16:34:55,2017-06-15 20:34:54,NULL,2,http://www.o-review.com/glassesmodels.asp?ID=3192,NULL
381,Carbon Plate,2017-06-15 16:34:58,2017-06-15 20:34:58,NULL,2,http://www.o-review.com/glassesmodels.asp?ID=3325,NULL
382,Capacitor,2017-06-15 16:35:01,2017-06-15 20:35:01,NULL,2,http://www.o-review.com/glassesmodels.asp?ID=3039,NULL
383,Candidate 4.0,2017-06-15 16:35:04,2017-06-15 20:35:04,NULL,2,http://www.o-review.com/glassesmodels.asp?ID=2761,NULL
384,Candidate 2.0,2017-06-15 16:35:08,2017-06-15 20:35:07,NULL,2,http://www.o-review.com/glassesmodels.asp?ID=2760,NULL
385,Caliper,2017-06-15 16:35:11,2017-06-15 20:35:10,NULL,2,http://www.o-review.com/glassesmodels.asp?ID=3040,NULL
386,C Wire Rx,2017-06-15 16:35:14,2017-06-15 20:35:13,NULL,2,http://www.o-review.com/glassesmodels.asp?ID=42,NULL
387,Bracket 8.1 (Asian Fit),2017-06-15 16:35:23,2017-06-15 20:35:23,NULL,2,http://www.o-review.com/glassesmodels.asp?ID=3195,NULL
388,Bracket 6.1 (Asian Fit),2017-06-15 16:35:26,2017-06-15 20:35:26,NULL,2,http://www.o-review.com/glassesmodels.asp?ID=3194,NULL
389,Bracket 4.1 (Asian Fit),2017-06-15 16:35:30,2017-06-15 20:35:29,NULL,2,http://www.o-review.com/glassesmodels.asp?ID=2857,NULL
390,Bracket 2.1 (Asian Fit),2017-06-15 16:35:33,2017-06-15 20:35:32,NULL,2,http://www.o-review.com/glassesmodels.asp?ID=2856,NULL
391,Box Spring 4.0,2017-06-15 16:35:36,2017-06-15 20:35:35,NULL,2,http://www.o-review.com/glassesmodels.asp?ID=40,NULL
392,Box Spring 2.0,2017-06-15 16:35:39,2017-06-15 20:35:39,NULL,2,http://www.o-review.com/glassesmodels.asp?ID=39,NULL
393,Bottle Rocket 4.1 (Asian Fit),2017-06-15 16:35:42,2017-06-15 20:35:42,NULL,2,http://www.o-review.com/glassesmodels.asp?ID=3197,NULL
394,Bottle Rocket 4.0,2017-06-15 16:35:45,2017-06-15 20:35:45,NULL,2,http://www.o-review.com/glassesmodels.asp?ID=2534,NULL
395,Bottle Rocket 2.1 (Asian Fit),2017-06-15 16:35:49,2017-06-15 20:35:48,NULL,2,http://www.o-review.com/glassesmodels.asp?ID=3196,NULL
396,Bottle Rocket 2.0,2017-06-15 16:35:52,2017-06-15 20:35:51,NULL,2,http://www.o-review.com/glassesmodels.asp?ID=2536,NULL
397,Boomstand,2017-06-15 16:35:55,2017-06-15 20:35:54,NULL,2,http://www.o-review.com/glassesmodels.asp?ID=3191,NULL
398,Blender 4.0,2017-06-15 16:35:58,2017-06-15 20:35:58,NULL,2,http://www.o-review.com/glassesmodels.asp?ID=38,NULL
399,Blender 2.0,2017-06-15 16:36:01,2017-06-15 20:36:01,NULL,2,http://www.o-review.com/glassesmodels.asp?ID=264,NULL
400,Believe 4.0,2017-06-15 16:36:04,2017-06-15 20:36:04,NULL,2,http://www.o-review.com/glassesmodels.asp?ID=2897,NULL
401,Believe 2.0,2017-06-15 16:36:08,2017-06-15 20:36:07,NULL,2,http://www.o-review.com/glassesmodels.asp?ID=2896,NULL
402,A Wire Rx,2017-06-15 16:36:14,2017-06-15 20:36:13,NULL,2,http://www.o-review.com/glassesmodels.asp?ID=2011,NULL
403,A Wire 2.0 Spring Hinge Rx,2017-06-15 16:36:17,2017-06-15 20:36:16,NULL,2,http://www.o-review.com/glassesmodels.asp?ID=34,NULL
404,A Wire 2.0 Rx,2017-06-15 16:36:20,2017-06-15 20:36:20,NULL,2,http://www.o-review.com/glassesmodels.asp?ID=32,NULL
405,31 Thirteen,2017-06-15 16:36:23,2017-06-15 20:36:23,NULL,2,http://www.o-review.com/glassesmodels.asp?ID=3089,NULL
406,Thump Pro (Asian Fit),2017-06-15 16:36:27,2017-06-15 20:36:26,NULL,2,http://www.o-review.com/glassesmodels.asp?ID=2863,NULL
407,Thump Pro,2017-06-15 16:36:30,2017-06-15 20:36:29,NULL,2,http://www.o-review.com/glassesmodels.asp?ID=2432,NULL
408,Thump 2.0,2017-06-15 16:36:33,2017-06-15 20:36:32,NULL,2,http://www.o-review.com/glassesmodels.asp?ID=1819,NULL
409,Thump 1.5,2017-06-15 16:36:36,2017-06-15 20:36:36,NULL,2,http://www.o-review.com/glassesmodels.asp?ID=1827,NULL
410,Thump,2017-06-15 16:36:39,2017-06-15 20:36:39,NULL,2,http://www.o-review.com/glassesmodels.asp?ID=207,NULL
411,Split Thump,2017-06-15 16:36:42,2017-06-15 20:36:42,NULL,2,http://www.o-review.com/glassesmodels.asp?ID=2724,NULL
412,RAZRWire,2017-06-15 16:36:46,2017-06-15 20:36:45,NULL,2,http://www.o-review.com/glassesmodels.asp?ID=266,NULL
413,O ROKR Pro (Asian Fit),2017-06-15 16:36:49,2017-06-15 20:36:48,NULL,2,http://www.o-review.com/glassesmodels.asp?ID=2774,NULL
414,O ROKR Pro,2017-06-15 16:36:52,2017-06-15 20:36:51,NULL,2,http://www.o-review.com/glassesmodels.asp?ID=2773,NULL
415,O ROKR,2017-06-15 16:36:55,2017-06-15 20:36:55,NULL,2,http://www.o-review.com/glassesmodels.asp?ID=1837,NULL
416,New Zero,2017-06-15 16:36:58,2017-06-15 20:36:58,NULL,2,http://www.o-review.com/glassesmodels.asp?ID=244,NULL
417,Zero S (Asian Fit),2017-06-15 16:37:01,2017-06-15 20:37:01,NULL,2,http://www.o-review.com/glassesmodels.asp?ID=1859,NULL
418,Zero S,2017-06-15 16:37:05,2017-06-15 20:37:04,NULL,2,http://www.o-review.com/glassesmodels.asp?ID=257,NULL
419,Zero L,2017-06-15 16:37:08,2017-06-15 20:37:07,NULL,2,http://www.o-review.com/glassesmodels.asp?ID=256,NULL
420,New Zero 0.7,2017-06-15 16:37:11,2017-06-15 20:37:10,NULL,2,http://www.o-review.com/glassesmodels.asp?ID=255,NULL
421,Zero 0.6,2017-06-15 16:37:14,2017-06-15 20:37:14,NULL,2,http://www.o-review.com/glassesmodels.asp?ID=254,NULL
422,Zero 0.5,2017-06-15 16:37:17,2017-06-15 20:37:17,NULL,2,http://www.o-review.com/glassesmodels.asp?ID=253,NULL
423,New Zero 0.4,2017-06-15 16:37:20,2017-06-15 20:37:20,NULL,2,http://www.o-review.com/glassesmodels.asp?ID=250,NULL
424,New Zero 0.4 Squared,2017-06-15 16:37:24,2017-06-15 20:37:23,NULL,2,http://www.o-review.com/glassesmodels.asp?ID=251,NULL
425,New Zero 0.4 Squared Small,2017-06-15 16:37:27,2017-06-15 20:37:26,NULL,2,http://www.o-review.com/glassesmodels.asp?ID=252,NULL
426,Zero 0.4 Squared Small,2017-06-15 16:37:30,2017-06-15 20:37:29,NULL,2,http://www.o-review.com/glassesmodels.asp?ID=1608,NULL
427,Zero 0.4 Squared,2017-06-15 16:37:33,2017-06-15 20:37:33,NULL,2,http://www.o-review.com/glassesmodels.asp?ID=1607,NULL
428,New Zero 0.4 Golf Squared,2017-06-15 16:37:36,2017-06-15 20:37:36,NULL,2,http://www.o-review.com/glassesmodels.asp?ID=75,NULL
429,Zero 0.4,2017-06-15 16:37:39,2017-06-15 20:37:39,NULL,2,http://www.o-review.com/glassesmodels.asp?ID=1606,NULL
430,Zero 0.3p,2017-06-15 16:37:43,2017-06-15 20:37:42,NULL,2,http://www.o-review.com/glassesmodels.asp?ID=249,NULL
431,Zero 0.3,2017-06-15 16:37:46,2017-06-15 20:37:45,NULL,2,http://www.o-review.com/glassesmodels.asp?ID=248,NULL
432,Zero 0.2p,2017-06-15 16:37:49,2017-06-15 20:37:48,NULL,2,http://www.o-review.com/glassesmodels.asp?ID=247,NULL
433,Zero 0.2,2017-06-15 16:37:52,2017-06-15 20:37:52,NULL,2,http://www.o-review.com/glassesmodels.asp?ID=246,NULL
434,Zero 0.1,2017-06-15 16:37:55,2017-06-15 20:37:55,NULL,2,http://www.o-review.com/glassesmodels.asp?ID=245,NULL
435,Zero (Asian Fit),2017-06-15 16:37:58,2017-06-15 20:37:58,NULL,2,http://www.o-review.com/glassesmodels.asp?ID=1860,NULL
436,Sub Zero,2017-06-15 16:38:02,2017-06-15 20:38:01,NULL,2,http://www.o-review.com/glassesmodels.asp?ID=198,NULL
437,Slit,2017-06-15 16:38:05,2017-06-15 20:38:04,NULL,2,http://www.o-review.com/glassesmodels.asp?ID=1682,NULL
438,Razor Blade,2017-06-15 16:38:11,2017-06-15 20:38:10,NULL,2,http://www.o-review.com/glassesmodels.asp?ID=165,NULL
439,Collectors Blade,2017-06-15 16:38:14,2017-06-15 20:38:14,NULL,2,http://www.o-review.com/glassesmodels.asp?ID=3061,NULL
440,Blade,2017-06-15 16:38:17,2017-06-15 20:38:17,NULL,2,http://www.o-review.com/glassesmodels.asp?ID=37,NULL
441,Pit Boss,2017-06-15 16:38:20,2017-06-15 20:38:20,NULL,2,http://www.o-review.com/glassesmodels.asp?ID=2899,NULL
442,C Six,2017-06-15 16:38:24,2017-06-15 20:38:23,NULL,2,http://www.o-review.com/glassesmodels.asp?ID=2904,NULL
443,X-Squared,2017-06-15 16:38:27,2017-06-15 20:38:26,NULL,2,http://www.o-review.com/glassesmodels.asp?ID=3011,NULL
444,X Metal XX,2017-06-15 16:38:30,2017-06-15 20:38:30,NULL,2,http://www.o-review.com/glassesmodels.asp?ID=235,NULL
445,Romeo 2.0,2017-06-15 16:38:33,2017-06-15 20:38:33,NULL,2,http://www.o-review.com/glassesmodels.asp?ID=169,NULL
446,Romeo,2017-06-15 16:38:36,2017-06-15 20:38:36,NULL,2,http://www.o-review.com/glassesmodels.asp?ID=168,NULL
447,Penny,2017-06-15 16:38:40,2017-06-15 20:38:39,NULL,2,http://www.o-review.com/glassesmodels.asp?ID=144,NULL
448,Mars,2017-06-15 16:38:43,2017-06-15 20:38:42,NULL,2,http://www.o-review.com/glassesmodels.asp?ID=118,NULL
449,Juliet,2017-06-15 16:38:46,2017-06-15 20:38:45,NULL,2,http://www.o-review.com/glassesmodels.asp?ID=93,NULL
450,Half-X,2017-06-15 16:38:49,2017-06-15 20:38:48,NULL,2,http://www.o-review.com/glassesmodels.asp?ID=2738,NULL
451,RAZRWire NBT,2017-06-15 16:38:52,2017-06-15 20:38:52,NULL,2,http://www.o-review.com/glassesmodels.asp?ID=2593,NULL
452,Jury,2017-06-15 16:38:55,2017-06-15 20:38:55,NULL,2,http://www.o-review.com/glassesmodels.asp?ID=3063,NULL
453,Hatchet Wire (Asian Fit),2017-06-15 16:38:58,2017-06-15 20:38:58,NULL,2,http://www.o-review.com/glassesmodels.asp?ID=1690,NULL
454,Hatchet Wire,2017-06-15 16:39:01,2017-06-15 20:39:01,NULL,2,http://www.o-review.com/glassesmodels.asp?ID=90,NULL
455,Mag Switch,2017-06-15 16:39:04,2017-06-15 20:39:04,NULL,2,http://www.o-review.com/glassesmodels.asp?ID=117,NULL
456,Mag M Frame Strike,2017-06-15 16:39:08,2017-06-15 20:39:07,NULL,2,http://www.o-review.com/glassesmodels.asp?ID=1603,NULL
457,Mag M Frame New Hybrid,2017-06-15 16:39:11,2017-06-15 20:39:10,NULL,2,http://www.o-review.com/glassesmodels.asp?ID=1604,NULL
458,Mag M Frame Hyrbid S,2017-06-15 16:39:14,2017-06-15 20:39:13,NULL,2,http://www.o-review.com/glassesmodels.asp?ID=1605,NULL
459,Mag M Frame Heater,2017-06-15 16:39:17,2017-06-15 20:39:16,NULL,2,http://www.o-review.com/glassesmodels.asp?ID=116,NULL
460,Mag Four S,2017-06-15 16:39:20,2017-06-15 20:39:19,NULL,2,http://www.o-review.com/glassesmodels.asp?ID=114,NULL
461,Mag Four,2017-06-15 16:39:23,2017-06-15 20:39:23,NULL,2,http://www.o-review.com/glassesmodels.asp?ID=112,NULL
462,Wiretap,2017-06-15 16:39:26,2017-06-15 20:39:26,NULL,2,http://www.o-review.com/glassesmodels.asp?ID=232,NULL
463,Why 8.2,2017-06-15 16:39:29,2017-06-15 20:39:29,NULL,2,http://www.o-review.com/glassesmodels.asp?ID=231,NULL
464,Why 8.1,2017-06-15 16:39:32,2017-06-15 20:39:32,NULL,2,http://www.o-review.com/glassesmodels.asp?ID=230,NULL
465,Why 8.0,2017-06-15 16:39:36,2017-06-15 20:39:35,NULL,2,http://www.o-review.com/glassesmodels.asp?ID=229,NULL
466,Why 3,2017-06-15 16:39:42,2017-06-15 20:39:41,NULL,2,http://www.o-review.com/glassesmodels.asp?ID=226,NULL
467,Why 2,2017-06-15 16:39:45,2017-06-15 20:39:44,NULL,2,http://www.o-review.com/glassesmodels.asp?ID=225,NULL
468,Why 1,2017-06-15 16:39:48,2017-06-15 20:39:47,NULL,2,http://www.o-review.com/glassesmodels.asp?ID=223,NULL
469,Whisker,2017-06-15 16:39:51,2017-06-15 20:39:50,NULL,2,http://www.o-review.com/glassesmodels.asp?ID=258,NULL
470,Warden (Square O),2017-06-15 16:39:57,2017-06-15 20:39:56,NULL,2,http://www.o-review.com/glassesmodels.asp?ID=2597,NULL
471,Tightrope,2017-06-15 16:40:03,2017-06-15 20:40:03,NULL,2,http://www.o-review.com/glassesmodels.asp?ID=3014,NULL
472,Teaspoon,2017-06-15 16:40:06,2017-06-15 20:40:06,NULL,2,http://www.o-review.com/glassesmodels.asp?ID=203,NULL
473,T Wire 2.0,2017-06-15 16:40:09,2017-06-15 20:40:09,NULL,2,http://www.o-review.com/glassesmodels.asp?ID=200,NULL
474,T Wire (Gen 2),2017-06-15 16:40:12,2017-06-15 20:40:12,NULL,2,http://www.o-review.com/glassesmodels.asp?ID=3319,NULL
475,T Wire (Gen 1),2017-06-15 16:40:15,2017-06-15 20:40:15,NULL,2,http://www.o-review.com/glassesmodels.asp?ID=199,NULL
476,New Square Wire,2017-06-15 16:40:19,2017-06-15 20:40:18,NULL,2,http://www.o-review.com/glassesmodels.asp?ID=2434,NULL
477,Square Wire 2.0 Spring Hinge,2017-06-15 16:40:22,2017-06-15 20:40:21,NULL,2,http://www.o-review.com/glassesmodels.asp?ID=191,NULL
478,Square Wire 2.0 30mm,2017-06-15 16:40:25,2017-06-15 20:40:24,NULL,2,http://www.o-review.com/glassesmodels.asp?ID=189,NULL
479,Square Wire 2.0,2017-06-15 16:40:28,2017-06-15 20:40:27,NULL,2,http://www.o-review.com/glassesmodels.asp?ID=188,NULL
480,Square Wire (Gen 2),2017-06-15 16:40:31,2017-06-15 20:40:31,NULL,2,http://www.o-review.com/glassesmodels.asp?ID=3318,NULL
481,Square Wire (Gen 1),2017-06-15 16:40:34,2017-06-15 20:40:34,NULL,2,http://www.o-review.com/glassesmodels.asp?ID=187,NULL
482,Square Whisker,2017-06-15 16:40:37,2017-06-15 20:40:37,NULL,2,http://www.o-review.com/glassesmodels.asp?ID=2866,NULL
483,Splinter,2017-06-15 16:40:41,2017-06-15 20:40:40,NULL,2,http://www.o-review.com/glassesmodels.asp?ID=2865,NULL
484,Spike (Asian Fit),2017-06-15 16:40:44,2017-06-15 20:40:43,NULL,2,http://www.o-review.com/glassesmodels.asp?ID=2441,NULL
485,Spike,2017-06-15 16:40:47,2017-06-15 20:40:47,NULL,2,http://www.o-review.com/glassesmodels.asp?ID=1821,NULL
486,Probation,2017-06-15 16:40:56,2017-06-15 20:40:56,NULL,2,http://www.o-review.com/glassesmodels.asp?ID=3033,NULL
487,Plaintiff,2017-06-15 16:41:00,2017-06-15 20:40:59,NULL,2,http://www.o-review.com/glassesmodels.asp?ID=3072,NULL
488,OO Square,2017-06-15 16:41:03,2017-06-15 20:41:02,NULL,2,http://www.o-review.com/glassesmodels.asp?ID=139,NULL
489,OO E,2017-06-15 16:41:06,2017-06-15 20:41:05,NULL,2,http://www.o-review.com/glassesmodels.asp?ID=142,NULL
490,OO A,2017-06-15 16:41:09,2017-06-15 20:41:08,NULL,2,http://www.o-review.com/glassesmodels.asp?ID=141,NULL
491,OO,2017-06-15 16:41:12,2017-06-15 20:41:12,NULL,2,http://www.o-review.com/glassesmodels.asp?ID=135,NULL
492,O5,2017-06-15 16:41:15,2017-06-15 20:41:15,NULL,2,http://www.o-review.com/glassesmodels.asp?ID=2002,NULL
493,Nanowire 4.0,2017-06-15 16:41:19,2017-06-15 20:41:18,NULL,2,http://www.o-review.com/glassesmodels.asp?ID=2754,NULL
494,Nanowire 3.0,2017-06-15 16:41:22,2017-06-15 20:41:21,NULL,2,http://www.o-review.com/glassesmodels.asp?ID=2655,NULL
495,Nanowire 2.0,2017-06-15 16:41:25,2017-06-15 20:41:24,NULL,2,http://www.o-review.com/glassesmodels.asp?ID=2654,NULL
496,Nanowire 1.0,2017-06-15 16:41:28,2017-06-15 20:41:28,NULL,2,http://www.o-review.com/glassesmodels.asp?ID=2653,NULL
497,Inmate (Asian Fit),2017-06-15 16:41:34,2017-06-15 20:41:34,NULL,2,http://www.o-review.com/glassesmodels.asp?ID=2828,NULL
498,Inmate,2017-06-15 16:41:37,2017-06-15 20:41:37,NULL,2,http://www.o-review.com/glassesmodels.asp?ID=2802,NULL
499,Half Wire XL,2017-06-15 16:41:47,2017-06-15 20:41:46,NULL,2,http://www.o-review.com/glassesmodels.asp?ID=87,NULL
500,Half Wire 2.0,2017-06-15 16:41:50,2017-06-15 20:41:49,NULL,2,http://www.o-review.com/glassesmodels.asp?ID=2737,NULL
501,Half Wire (Asian Fit),2017-06-15 16:41:53,2017-06-15 20:41:53,NULL,2,http://www.o-review.com/glassesmodels.asp?ID=1687,NULL
502,Half Wire,2017-06-15 16:41:56,2017-06-15 20:41:56,NULL,2,http://www.o-review.com/glassesmodels.asp?ID=86,NULL
503,Felon (Asian Fit),2017-06-15 16:41:59,2017-06-15 20:41:59,NULL,2,http://www.o-review.com/glassesmodels.asp?ID=2827,NULL
504,Felon,2017-06-15 16:42:03,2017-06-15 20:42:02,NULL,2,http://www.o-review.com/glassesmodels.asp?ID=2801,NULL
505,E Wire 2.1,2017-06-15 16:42:06,2017-06-15 20:42:05,NULL,2,http://www.o-review.com/glassesmodels.asp?ID=56,NULL
506,E Wire 2.0,2017-06-15 16:42:09,2017-06-15 20:42:08,NULL,2,http://www.o-review.com/glassesmodels.asp?ID=54,NULL
507,E Wire (Gen 2),2017-06-15 16:42:12,2017-06-15 20:42:12,NULL,2,http://www.o-review.com/glassesmodels.asp?ID=3317,NULL
508,E Wire (Gen 1),2017-06-15 16:42:15,2017-06-15 20:42:15,NULL,2,http://www.o-review.com/glassesmodels.asp?ID=53,NULL
509,Deviation,2017-06-15 16:42:25,2017-06-15 20:42:24,NULL,2,http://www.o-review.com/glassesmodels.asp?ID=3154,NULL
510,New Crosshair,2017-06-15 16:42:37,2017-06-15 20:42:36,NULL,2,http://www.o-review.com/glassesmodels.asp?ID=3174,NULL
511,Crosshair S,2017-06-15 16:42:40,2017-06-15 20:42:39,NULL,2,http://www.o-review.com/glassesmodels.asp?ID=1842,NULL
512,Crosshair 2.0,2017-06-15 16:42:43,2017-06-15 20:42:43,NULL,2,http://www.o-review.com/glassesmodels.asp?ID=3045,NULL
513,Crosshair,2017-06-15 16:42:46,2017-06-15 20:42:46,NULL,2,http://www.o-review.com/glassesmodels.asp?ID=47,NULL
514,Changeover,2017-06-15 16:42:53,2017-06-15 20:42:52,NULL,2,http://www.o-review.com/glassesmodels.asp?ID=3172,NULL
515,New C Wire,2017-06-15 16:42:59,2017-06-15 20:42:58,NULL,2,http://www.o-review.com/glassesmodels.asp?ID=3067,NULL
516,C Wire,2017-06-15 16:43:02,2017-06-15 20:43:01,NULL,2,http://www.o-review.com/glassesmodels.asp?ID=41,NULL
517,Blender,2017-06-15 16:43:08,2017-06-15 20:43:08,NULL,2,http://www.o-review.com/glassesmodels.asp?ID=3108,NULL
518,Big Square Wire,2017-06-15 16:43:11,2017-06-15 20:43:11,NULL,2,http://www.o-review.com/glassesmodels.asp?ID=36,NULL
519,A Wire 2.0 Spring Hinge,2017-06-15 16:43:21,2017-06-15 20:43:20,NULL,2,http://www.o-review.com/glassesmodels.asp?ID=33,NULL
520,A Wire 2.0,2017-06-15 16:43:24,2017-06-15 20:43:23,NULL,2,http://www.o-review.com/glassesmodels.asp?ID=31,NULL
521,A Wire,2017-06-15 16:43:27,2017-06-15 20:43:27,NULL,2,http://www.o-review.com/glassesmodels.asp?ID=30,NULL
522,Splatter M Frame,2017-06-15 16:43:30,2017-06-15 20:43:30,NULL,2,http://www.o-review.com/glassesmodels.asp?ID=182,NULL
523,SI Ballistic M Frame 2.0,2017-06-15 16:43:34,2017-06-15 20:43:33,NULL,2,http://www.o-review.com/glassesmodels.asp?ID=1702,NULL
524,Radar XL Straight Stem Blades,2017-06-15 16:43:37,2017-06-15 20:43:36,NULL,2,http://www.o-review.com/glassesmodels.asp?ID=2907,NULL
525,Radar XL Blades,2017-06-15 16:43:40,2017-06-15 20:43:39,NULL,2,http://www.o-review.com/glassesmodels.asp?ID=2906,NULL
526,Radar Straight Stem Pitch,2017-06-15 16:43:43,2017-06-15 20:43:43,NULL,2,http://www.o-review.com/glassesmodels.asp?ID=2708,NULL
527,Radar Straight Stem Path,2017-06-15 16:43:46,2017-06-15 20:43:46,NULL,2,http://www.o-review.com/glassesmodels.asp?ID=2709,NULL
528,Radar Range,2017-06-15 16:43:49,2017-06-15 20:43:49,NULL,2,http://www.o-review.com/glassesmodels.asp?ID=2626,NULL
529,Radar Pitch (Asian Fit),2017-06-15 16:43:53,2017-06-15 20:43:52,NULL,2,http://www.o-review.com/glassesmodels.asp?ID=2720,NULL
530,Radar Pitch,2017-06-15 16:43:56,2017-06-15 20:43:55,NULL,2,http://www.o-review.com/glassesmodels.asp?ID=2628,NULL
531,Radar Path (Asian Fit),2017-06-15 16:43:59,2017-06-15 20:43:58,NULL,2,http://www.o-review.com/glassesmodels.asp?ID=2719,NULL
532,Radar Path,2017-06-15 16:44:02,2017-06-15 20:44:02,NULL,2,http://www.o-review.com/glassesmodels.asp?ID=2627,NULL
533,Radar Lock Pitch,2017-06-15 16:44:05,2017-06-15 20:44:05,NULL,2,http://www.o-review.com/glassesmodels.asp?ID=3156,NULL
534,Radar Lock Path,2017-06-15 16:44:08,2017-06-15 20:44:08,NULL,2,http://www.o-review.com/glassesmodels.asp?ID=3229,NULL
535,Radar Golf (Asian Fit),2017-06-15 16:44:12,2017-06-15 20:44:11,NULL,2,http://www.o-review.com/glassesmodels.asp?ID=2721,NULL
536,Radar Golf,2017-06-15 16:44:15,2017-06-15 20:44:14,NULL,2,http://www.o-review.com/glassesmodels.asp?ID=2629,NULL
537,Pro M Frame Sweep,2017-06-15 16:44:21,2017-06-15 20:44:20,NULL,2,http://www.o-review.com/glassesmodels.asp?ID=160,NULL
538,Pro M Frame Strike,2017-06-15 16:44:24,2017-06-15 20:44:24,NULL,2,http://www.o-review.com/glassesmodels.asp?ID=158,NULL
539,Pro M Frame New Hybrid,2017-06-15 16:44:27,2017-06-15 20:44:27,NULL,2,http://www.o-review.com/glassesmodels.asp?ID=153,NULL
540,Pro M Frame Hybrid S,2017-06-15 16:44:30,2017-06-15 20:44:30,NULL,2,http://www.o-review.com/glassesmodels.asp?ID=155,NULL
541,Pro M Frame Heater,2017-06-15 16:44:34,2017-06-15 20:44:33,NULL,2,http://www.o-review.com/glassesmodels.asp?ID=151,NULL
542,Pro M Frame Golf,2017-06-15 16:44:37,2017-06-15 20:44:36,NULL,2,http://www.o-review.com/glassesmodels.asp?ID=149,NULL
543,Pro M Frame Cricket Sweep,2017-06-15 16:44:40,2017-06-15 20:44:39,NULL,2,http://www.o-review.com/glassesmodels.asp?ID=2027,NULL
544,Pro M Frame Cricket Heater,2017-06-15 16:44:43,2017-06-15 20:44:43,NULL,2,http://www.o-review.com/glassesmodels.asp?ID=2026,NULL
545,Mumbo Deflection Device,2017-06-15 16:44:46,2017-06-15 20:44:46,NULL,2,http://www.o-review.com/glassesmodels.asp?ID=259,NULL
546,New M Frame w/ErgoVision loupe,2017-06-15 16:44:50,2017-06-15 20:44:49,NULL,2,http://www.o-review.com/glassesmodels.asp?ID=2587,NULL
547,M Frame V lens,2017-06-15 16:44:53,2017-06-15 20:44:52,NULL,2,http://www.o-review.com/glassesmodels.asp?ID=2550,NULL
548,New M Frame Sweep,2017-06-15 16:44:56,2017-06-15 20:44:55,NULL,2,http://www.o-review.com/glassesmodels.asp?ID=110,NULL
549,M Frame Sweep (Gen 2),2017-06-15 16:44:59,2017-06-15 20:44:59,NULL,2,http://www.o-review.com/glassesmodels.asp?ID=2530,NULL
550,M Frame Sweep,2017-06-15 16:45:02,2017-06-15 20:45:02,NULL,2,http://www.o-review.com/glassesmodels.asp?ID=2007,NULL
551,M Frame Strip,2017-06-15 16:45:05,2017-06-15 20:45:05,NULL,2,http://www.o-review.com/glassesmodels.asp?ID=2552,NULL
552,New M Frame Strike,2017-06-15 16:45:09,2017-06-15 20:45:08,NULL,2,http://www.o-review.com/glassesmodels.asp?ID=108,NULL
553,M Frame Strike (Gen 2),2017-06-15 16:45:12,2017-06-15 20:45:11,NULL,2,http://www.o-review.com/glassesmodels.asp?ID=2521,NULL
554,M Frame Strike,2017-06-15 16:45:15,2017-06-15 20:45:14,NULL,2,http://www.o-review.com/glassesmodels.asp?ID=98,NULL
555,M Frame Slash (Gen 2),2017-06-15 16:45:18,2017-06-15 20:45:18,NULL,2,http://www.o-review.com/glassesmodels.asp?ID=2522,NULL
556,M Frame Slash,2017-06-15 16:45:21,2017-06-15 20:45:21,NULL,2,http://www.o-review.com/glassesmodels.asp?ID=1752,NULL
557,New M Frame New Hybrid,2017-06-15 16:45:25,2017-06-15 20:45:24,NULL,2,http://www.o-review.com/glassesmodels.asp?ID=104,NULL
558,New M Frame Hybrid S,2017-06-15 16:45:28,2017-06-15 20:45:27,NULL,2,http://www.o-review.com/glassesmodels.asp?ID=106,NULL
559,M Frame Hybrid (Gen 2),2017-06-15 16:45:31,2017-06-15 20:45:30,NULL,2,http://www.o-review.com/glassesmodels.asp?ID=2531,NULL
560,M Frame Hybrid,2017-06-15 16:45:34,2017-06-15 20:45:33,NULL,2,http://www.o-review.com/glassesmodels.asp?ID=2009,NULL
561,New M Frame Heater,2017-06-15 16:45:37,2017-06-15 20:45:37,NULL,2,http://www.o-review.com/glassesmodels.asp?ID=102,NULL
562,M Frame Heater (Gen 2),2017-06-15 16:45:41,2017-06-15 20:45:40,NULL,2,http://www.o-review.com/glassesmodels.asp?ID=2520,NULL
563,M Frame Heater,2017-06-15 16:45:44,2017-06-15 20:45:44,NULL,2,http://www.o-review.com/glassesmodels.asp?ID=2008,NULL
564,New M Frame Golf Sweep,2017-06-15 16:45:47,2017-06-15 20:45:47,NULL,2,http://www.o-review.com/glassesmodels.asp?ID=74,NULL
565,M Frame Golf Sweep,2017-06-15 16:45:51,2017-06-15 20:45:50,NULL,2,http://www.o-review.com/glassesmodels.asp?ID=2017,NULL
566,New M Frame Golf Strike,2017-06-15 16:45:54,2017-06-15 20:45:53,NULL,2,http://www.o-review.com/glassesmodels.asp?ID=1855,NULL
567,M Frame Golf Strike,2017-06-15 16:45:57,2017-06-15 20:45:56,NULL,2,http://www.o-review.com/glassesmodels.asp?ID=2018,NULL
568,New M Frame Golf New Hybrid,2017-06-15 16:46:01,2017-06-15 20:46:00,NULL,2,http://www.o-review.com/glassesmodels.asp?ID=1857,NULL
569,New M Frame Golf Hybrid S,2017-06-15 16:46:05,2017-06-15 20:46:04,NULL,2,http://www.o-review.com/glassesmodels.asp?ID=1858,NULL
570,M Frame Golf Hybrid,2017-06-15 16:46:09,2017-06-15 20:46:08,NULL,2,http://www.o-review.com/glassesmodels.asp?ID=2039,NULL
571,New M Frame Golf Heater,2017-06-15 16:46:12,2017-06-15 20:46:11,NULL,2,http://www.o-review.com/glassesmodels.asp?ID=1856,NULL
572,M Frame Golf Heater,2017-06-15 16:46:15,2017-06-15 20:46:15,NULL,2,http://www.o-review.com/glassesmodels.asp?ID=2016,NULL
573,M Frame Cricket Strike,2017-06-15 16:46:18,2017-06-15 20:46:18,NULL,2,http://www.o-review.com/glassesmodels.asp?ID=2020,NULL
574,M Frame Cricket Heater,2017-06-15 16:46:21,2017-06-15 20:46:21,NULL,2,http://www.o-review.com/glassesmodels.asp?ID=2019,NULL
575,M Frame Baseball Sweep,2017-06-15 16:46:25,2017-06-15 20:46:24,NULL,2,http://www.o-review.com/glassesmodels.asp?ID=2038,NULL
576,New M Frame Baseball Strike,2017-06-15 16:46:28,2017-06-15 20:46:27,NULL,2,http://www.o-review.com/glassesmodels.asp?ID=1861,NULL
577,M Frame Baseball Strike,2017-06-15 16:46:31,2017-06-15 20:46:30,NULL,2,http://www.o-review.com/glassesmodels.asp?ID=2015,NULL
578,New M Frame Baseball New Hybrid,2017-06-15 16:46:34,2017-06-15 20:46:34,NULL,2,http://www.o-review.com/glassesmodels.asp?ID=2040,NULL
579,New M Frame Baseball Heater,2017-06-15 16:46:37,2017-06-15 20:46:37,NULL,2,http://www.o-review.com/glassesmodels.asp?ID=35,NULL
580,M Frame Baseball Heater,2017-06-15 16:46:41,2017-06-15 20:46:40,NULL,2,http://www.o-review.com/glassesmodels.asp?ID=2014,NULL
581,M Frame 67 lens,2017-06-15 16:46:44,2017-06-15 20:46:43,NULL,2,http://www.o-review.com/glassesmodels.asp?ID=2551,NULL
582,Industrial M Frame Strike,2017-06-15 16:46:47,2017-06-15 20:46:46,NULL,2,http://www.o-review.com/glassesmodels.asp?ID=2725,NULL
583,Twitch (Square Icon),2017-06-15 16:46:59,2017-06-15 20:46:59,NULL,2,http://www.o-review.com/glassesmodels.asp?ID=2563,NULL
584,Oil Rig II,2017-06-15 16:47:24,2017-06-15 20:47:23,NULL,2,http://www.o-review.com/glassesmodels.asp?ID=2847,NULL
585,Oil Rig,2017-06-15 16:47:27,2017-06-15 20:47:26,NULL,2,http://www.o-review.com/glassesmodels.asp?ID=2735,NULL
586,Oil Drum II,2017-06-15 16:47:30,2017-06-15 20:47:29,NULL,2,http://www.o-review.com/glassesmodels.asp?ID=2848,NULL
587,Oil Drum,2017-06-15 16:47:33,2017-06-15 20:47:33,NULL,2,http://www.o-review.com/glassesmodels.asp?ID=1817,NULL
588,Montefrio (Square Icon),2017-06-15 16:47:36,2017-06-15 20:47:36,NULL,2,http://www.o-review.com/glassesmodels.asp?ID=2562,NULL
589,Jupiter Squared,2017-06-15 16:47:39,2017-06-15 20:47:39,NULL,2,http://www.o-review.com/glassesmodels.asp?ID=3105,NULL
590,Jupiter,2017-06-15 16:47:46,2017-06-15 20:47:45,NULL,2,http://www.o-review.com/glassesmodels.asp?ID=2845,NULL
591,Holbrook,2017-06-15 16:47:55,2017-06-15 20:47:54,NULL,2,http://www.o-review.com/glassesmodels.asp?ID=3044,NULL
592,Hijinx,2017-06-15 16:47:58,2017-06-15 20:47:57,NULL,2,http://www.o-review.com/glassesmodels.asp?ID=2652,NULL
593,Gascan S,2017-06-15 16:48:01,2017-06-15 20:48:01,NULL,2,http://www.o-review.com/glassesmodels.asp?ID=2517,NULL
594,Gascan (Asian Fit),2017-06-15 16:48:04,2017-06-15 20:48:04,NULL,2,http://www.o-review.com/glassesmodels.asp?ID=2553,NULL
595,Gascan,2017-06-15 16:48:08,2017-06-15 20:48:07,NULL,2,http://www.o-review.com/glassesmodels.asp?ID=73,NULL
596,Fuel Cell,2017-06-15 16:48:11,2017-06-15 20:48:10,NULL,2,http://www.o-review.com/glassesmodels.asp?ID=3015,NULL
597,Fives Squared,2017-06-15 16:48:14,2017-06-15 20:48:13,NULL,2,http://www.o-review.com/glassesmodels.asp?ID=2846,NULL
598,Eye Patch 2,2017-06-15 16:48:23,2017-06-15 20:48:23,NULL,2,http://www.o-review.com/glassesmodels.asp?ID=3085,NULL
599,Eye Patch (Square Icon),2017-06-15 16:48:26,2017-06-15 20:48:26,NULL,2,http://www.o-review.com/glassesmodels.asp?ID=2564,NULL
600,Canteen,2017-06-15 16:48:42,2017-06-15 20:48:41,NULL,2,http://www.o-review.com/glassesmodels.asp?ID=1841,NULL
601,Batwolf,2017-06-15 16:48:45,2017-06-15 20:48:44,NULL,2,http://www.o-review.com/glassesmodels.asp?ID=3062,NULL
602,Antix,2017-06-15 16:48:48,2017-06-15 20:48:47,NULL,2,http://www.o-review.com/glassesmodels.asp?ID=2843,NULL
603,XX,2017-06-15 16:48:51,2017-06-15 20:48:51,NULL,2,http://www.o-review.com/glassesmodels.asp?ID=239,NULL
604,XS Fives,2017-06-15 16:48:54,2017-06-15 20:48:54,NULL,2,http://www.o-review.com/glassesmodels.asp?ID=236,NULL
605,Unknown,2017-06-15 16:49:03,2017-06-15 20:49:03,NULL,2,http://www.o-review.com/glassesmodels.asp?ID=219,NULL
606,New Twenty,2017-06-15 16:49:19,2017-06-15 20:49:18,NULL,2,http://www.o-review.com/glassesmodels.asp?ID=3155,NULL
607,Tens,2017-06-15 16:49:28,2017-06-15 20:49:27,NULL,2,http://www.o-review.com/glassesmodels.asp?ID=204,NULL
608,Ten,2017-06-15 16:49:31,2017-06-15 20:49:31,NULL,2,http://www.o-review.com/glassesmodels.asp?ID=3064,NULL
609,Supreme Frogskins,2017-06-15 16:49:43,2017-06-15 20:49:43,NULL,2,http://www.o-review.com/glassesmodels.asp?ID=2663,NULL
610,Scalpel (Asian Fit),2017-06-15 16:50:02,2017-06-15 20:50:01,NULL,2,http://www.o-review.com/glassesmodels.asp?ID=3043,NULL
611,Scalpel,2017-06-15 16:50:05,2017-06-15 20:50:04,NULL,2,http://www.o-review.com/glassesmodels.asp?ID=3032,NULL
612,Pit Bull (Asian Fit),2017-06-15 16:50:20,2017-06-15 20:50:20,NULL,2,http://www.o-review.com/glassesmodels.asp?ID=3100,NULL
613,Pit Bull,2017-06-15 16:50:23,2017-06-15 20:50:23,NULL,2,http://www.o-review.com/glassesmodels.asp?ID=3074,NULL
614,Petterson Frogskins,2017-06-15 16:50:27,2017-06-15 20:50:26,NULL,2,http://www.o-review.com/glassesmodels.asp?ID=2887,NULL
615,Monster Pup (Asian Fit),2017-06-15 16:51:06,2017-06-15 20:51:06,NULL,2,http://www.o-review.com/glassesmodels.asp?ID=2598,NULL
616,Monster Pup,2017-06-15 16:51:09,2017-06-15 20:51:09,NULL,2,http://www.o-review.com/glassesmodels.asp?ID=2518,NULL
617,Monster Doggle,2017-06-15 16:51:12,2017-06-15 20:51:12,NULL,2,http://www.o-review.com/glassesmodels.asp?ID=123,NULL
618,Monster Dog,2017-06-15 16:51:16,2017-06-15 20:51:15,NULL,2,http://www.o-review.com/glassesmodels.asp?ID=122,NULL
619,New Frogskins,2017-06-15 16:52:13,2017-06-15 20:52:13,NULL,2,http://www.o-review.com/glassesmodels.asp?ID=70,NULL
620,Frogskins (Gen 2),2017-06-15 16:52:17,2017-06-15 20:52:16,NULL,2,http://www.o-review.com/glassesmodels.asp?ID=2549,NULL
621,Frogskins (Gen 1),2017-06-15 16:52:20,2017-06-15 20:52:19,NULL,2,http://www.o-review.com/glassesmodels.asp?ID=72,NULL
622,Four S,2017-06-15 16:52:26,2017-06-15 20:52:26,NULL,2,http://www.o-review.com/glassesmodels.asp?ID=69,NULL
623,Four,2017-06-15 16:52:30,2017-06-15 20:52:29,NULL,2,http://www.o-review.com/glassesmodels.asp?ID=68,NULL
624,Fives 4.0,2017-06-15 16:52:42,2017-06-15 20:52:41,NULL,2,http://www.o-review.com/glassesmodels.asp?ID=2864,NULL
625,Fives 3.0 (Asian Fit),2017-06-15 16:52:45,2017-06-15 20:52:45,NULL,2,http://www.o-review.com/glassesmodels.asp?ID=2554,NULL
626,Fives 3.0,2017-06-15 16:52:48,2017-06-15 20:52:48,NULL,2,http://www.o-review.com/glassesmodels.asp?ID=1816,NULL
627,Fives 2.0,2017-06-15 16:52:51,2017-06-15 20:52:51,NULL,2,http://www.o-review.com/glassesmodels.asp?ID=67,NULL
628,Fives,2017-06-15 16:52:55,2017-06-15 20:52:54,NULL,2,http://www.o-review.com/glassesmodels.asp?ID=66,NULL
629,Fate,2017-06-15 16:52:58,2017-06-15 20:52:57,NULL,2,http://www.o-review.com/glassesmodels.asp?ID=65,NULL
630,Encounter,2017-06-15 16:53:16,2017-06-15 20:53:16,NULL,2,http://www.o-review.com/glassesmodels.asp?ID=3012,NULL
631,Dispatch II,2017-06-15 16:53:32,2017-06-15 20:53:31,NULL,2,http://www.o-review.com/glassesmodels.asp?ID=3107,NULL
632,Dispatch,2017-06-15 16:53:35,2017-06-15 20:53:34,NULL,2,http://www.o-review.com/glassesmodels.asp?ID=3013,NULL
633,Crankcase,2017-06-15 16:53:53,2017-06-15 20:53:53,NULL,2,http://www.o-review.com/glassesmodels.asp?ID=3159,NULL
634,Collectors Frogskins 4-Legged,2017-06-15 16:54:21,2017-06-15 20:54:20,NULL,2,http://www.o-review.com/glassesmodels.asp?ID=3082,NULL
635,Collectors Frogskins,2017-06-15 16:54:24,2017-06-15 20:54:23,NULL,2,http://www.o-review.com/glassesmodels.asp?ID=2710,NULL
636,Wind Jacket,2017-06-15 16:54:57,2017-06-15 20:54:57,NULL,2,http://www.o-review.com/glassesmodels.asp?ID=3073,NULL
637,Water Jacket,2017-06-15 16:55:01,2017-06-15 20:55:00,NULL,2,http://www.o-review.com/glassesmodels.asp?ID=222,NULL
638,Valve (Asian Fit),2017-06-15 16:55:04,2017-06-15 20:55:03,NULL,2,http://www.o-review.com/glassesmodels.asp?ID=1685,NULL
639,Valve,2017-06-15 16:55:07,2017-06-15 20:55:06,NULL,2,http://www.o-review.com/glassesmodels.asp?ID=220,NULL
640,Trenchcoat,2017-06-15 16:55:10,2017-06-15 20:55:10,NULL,2,http://www.o-review.com/glassesmodels.asp?ID=218,NULL
641,Topcoat,2017-06-15 16:55:13,2017-06-15 20:55:13,NULL,2,http://www.o-review.com/glassesmodels.asp?ID=217,NULL
642,New Straight Jacket,2017-06-15 16:55:17,2017-06-15 20:55:16,NULL,2,http://www.o-review.com/glassesmodels.asp?ID=192,NULL
643,New Straight Jacket II,2017-06-15 16:55:20,2017-06-15 20:55:19,NULL,2,http://www.o-review.com/glassesmodels.asp?ID=2713,NULL
644,New Straight Jacket II (Asian Fit),2017-06-15 16:55:23,2017-06-15 20:55:22,NULL,2,http://www.o-review.com/glassesmodels.asp?ID=2755,NULL
645,Straight Jacket,2017-06-15 16:55:26,2017-06-15 20:55:25,NULL,2,http://www.o-review.com/glassesmodels.asp?ID=193,NULL
646,Split Jacket (Asian Fit),2017-06-15 16:55:29,2017-06-15 20:55:29,NULL,2,http://www.o-review.com/glassesmodels.asp?ID=3052,NULL
647,Split Jacket,2017-06-15 16:55:32,2017-06-15 20:55:32,NULL,2,http://www.o-review.com/glassesmodels.asp?ID=3046,NULL
648,Splice (Asian Fit),2017-06-15 16:55:36,2017-06-15 20:55:35,NULL,2,http://www.o-review.com/glassesmodels.asp?ID=1686,NULL
649,Splice,2017-06-15 16:55:39,2017-06-15 20:55:38,NULL,2,http://www.o-review.com/glassesmodels.asp?ID=183,NULL
650,Scar,2017-06-15 16:55:42,2017-06-15 20:55:41,NULL,2,http://www.o-review.com/glassesmodels.asp?ID=170,NULL
651,New Racing Jacket,2017-06-15 16:55:45,2017-06-15 20:55:45,NULL,2,http://www.o-review.com/glassesmodels.asp?ID=3231,NULL
652,Racing Jacket (Gen 2),2017-06-15 16:55:48,2017-06-15 20:55:48,NULL,2,http://www.o-review.com/glassesmodels.asp?ID=163,NULL
653,Racing Jacket (Gen 1),2017-06-15 16:55:51,2017-06-15 20:55:51,NULL,2,http://www.o-review.com/glassesmodels.asp?ID=164,NULL
654,Pro Racing Jacket,2017-06-15 16:55:55,2017-06-15 20:55:54,NULL,2,http://www.o-review.com/glassesmodels.asp?ID=1836,NULL
655,Plate,2017-06-15 16:55:58,2017-06-15 20:55:57,NULL,2,http://www.o-review.com/glassesmodels.asp?ID=145,NULL
656,Moon,2017-06-15 16:56:01,2017-06-15 20:56:00,NULL,2,http://www.o-review.com/glassesmodels.asp?ID=124,NULL
657,Minute 2.0,2017-06-15 16:56:04,2017-06-15 20:56:03,NULL,2,http://www.o-review.com/glassesmodels.asp?ID=2714,NULL
658,Minute,2017-06-15 16:56:07,2017-06-15 20:56:06,NULL,2,http://www.o-review.com/glassesmodels.asp?ID=120,NULL
659,Jawbone (Asian Fit),2017-06-15 16:56:10,2017-06-15 20:56:10,NULL,2,http://www.o-review.com/glassesmodels.asp?ID=3009,NULL
660,Jawbone,2017-06-15 16:56:13,2017-06-15 20:56:13,NULL,2,http://www.o-review.com/glassesmodels.asp?ID=2853,NULL
661,Ice Pick,2017-06-15 16:56:16,2017-06-15 20:56:16,NULL,2,http://www.o-review.com/glassesmodels.asp?ID=2803,NULL
662,Half Pint,2017-06-15 16:56:19,2017-06-15 20:56:19,NULL,2,http://www.o-review.com/glassesmodels.asp?ID=85,NULL
663,Half Jacket XLJ (Asian Fit),2017-06-15 16:56:23,2017-06-15 20:56:22,NULL,2,http://www.o-review.com/glassesmodels.asp?ID=2033,NULL
664,Half Jacket XLJ,2017-06-15 16:56:26,2017-06-15 20:56:25,NULL,2,http://www.o-review.com/glassesmodels.asp?ID=84,NULL
665,Half Jacket 2.0 XL,2017-06-15 16:56:29,2017-06-15 20:56:29,NULL,2,http://www.o-review.com/glassesmodels.asp?ID=3233,NULL
666,Half Jacket 2.0 (Asian Fit),2017-06-15 16:56:32,2017-06-15 20:56:32,NULL,2,http://www.o-review.com/glassesmodels.asp?ID=3106,NULL
667,Half Jacket 2.0,2017-06-15 16:56:35,2017-06-15 20:56:35,NULL,2,http://www.o-review.com/glassesmodels.asp?ID=3232,NULL
668,Half Jacket (Asian Fit),2017-06-15 16:56:38,2017-06-15 20:56:38,NULL,2,http://www.o-review.com/glassesmodels.asp?ID=1688,NULL
669,Half Jacket,2017-06-15 16:56:41,2017-06-15 20:56:41,NULL,2,http://www.o-review.com/glassesmodels.asp?ID=78,NULL
670,Flak Jacket XLJ (Asian Fit),2017-06-15 16:56:45,2017-06-15 20:56:44,NULL,2,http://www.o-review.com/glassesmodels.asp?ID=2716,NULL
671,Flak Jacket XLJ,2017-06-15 16:56:48,2017-06-15 20:56:47,NULL,2,http://www.o-review.com/glassesmodels.asp?ID=2625,NULL
672,Flak Jacket (Asian Fit),2017-06-15 16:56:51,2017-06-15 20:56:50,NULL,2,http://www.o-review.com/glassesmodels.asp?ID=2715,NULL
673,Flak Jacket,2017-06-15 16:56:54,2017-06-15 20:56:53,NULL,2,http://www.o-review.com/glassesmodels.asp?ID=2624,NULL
674,Fast Jacket XL (Asian Fit),2017-06-15 16:56:57,2017-06-15 20:56:57,NULL,2,http://www.o-review.com/glassesmodels.asp?ID=3104,NULL
675,Fast Jacket XL,2017-06-15 16:57:00,2017-06-15 20:57:00,NULL,2,http://www.o-review.com/glassesmodels.asp?ID=3098,NULL
676,Fast Jacket (Asian Fit),2017-06-15 16:57:03,2017-06-15 20:57:03,NULL,2,http://www.o-review.com/glassesmodels.asp?ID=3103,NULL
677,Fast Jacket,2017-06-15 16:57:06,2017-06-15 20:57:06,NULL,2,http://www.o-review.com/glassesmodels.asp?ID=3097,NULL
678,Fandango,2017-06-15 16:57:10,2017-06-15 20:57:09,NULL,2,http://www.o-review.com/glassesmodels.asp?ID=2723,NULL
679,New Eye Jacket,2017-06-15 16:57:13,2017-06-15 20:57:12,NULL,2,http://www.o-review.com/glassesmodels.asp?ID=59,NULL
680,Eye Jacket 3.0,2017-06-15 16:57:16,2017-06-15 20:57:15,NULL,2,http://www.o-review.com/glassesmodels.asp?ID=62,NULL
681,Eye Jacket 2.0,2017-06-15 16:57:19,2017-06-15 20:57:18,NULL,2,http://www.o-review.com/glassesmodels.asp?ID=61,NULL
682,Eye Jacket,2017-06-15 16:57:23,2017-06-15 20:57:22,NULL,2,http://www.o-review.com/glassesmodels.asp?ID=60,NULL
683,Dartboard L,2017-06-15 16:57:26,2017-06-15 20:57:25,NULL,2,http://www.o-review.com/glassesmodels.asp?ID=50,NULL
684,Dartboard,2017-06-15 16:57:29,2017-06-15 20:57:28,NULL,2,http://www.o-review.com/glassesmodels.asp?ID=49,NULL
685,Bottlecap XL,2017-06-15 16:57:38,2017-06-15 20:57:37,NULL,2,http://www.o-review.com/glassesmodels.asp?ID=3008,NULL
686,Bottlecap,2017-06-15 16:57:41,2017-06-15 20:57:40,NULL,2,http://www.o-review.com/glassesmodels.asp?ID=1510,NULL
687,Bottle Rocket,2017-06-15 16:57:44,2017-06-15 20:57:44,NULL,2,http://www.o-review.com/glassesmodels.asp?ID=3160,NULL
